Date and Time,Nitrogen dioxide
2020-01-01 00:00:00,21.89685
2020-01-01 01:00:00,25.14874
2020-01-01 02:00:00,20.25146
2020-01-01 03:00:00,29.929190000000002
2020-01-01 04:00:00,27.61363
2020-01-01 05:00:00,26.10706
2020-01-01 06:00:00,18.65883
2020-01-01 07:00:00,17.24023
2020-01-01 08:00:00,21.262220000000003
2020-01-01 09:00:00,30.24284
2020-01-01 10:00:00,24.618660000000002
2020-01-01 11:00:00,12.935189999999999
2020-01-01 12:00:00,15.70306
2020-01-01 13:00:00,16.83287
2020-01-01 14:00:00,16.82426
2020-01-01 15:00:00,14.61007
2020-01-01 16:00:00,14.92133
2020-01-01 17:00:00,15.3043
2020-01-01 18:00:00,11.95026
2020-01-01 19:00:00,12.46759
2020-01-01 20:00:00,10.48002
2020-01-01 21:00:00,7.76427
2020-01-01 22:00:00,8.337539999999999
2020-01-01 23:00:00,7.65526
2020-01-02 00:00:00,6.42281
2020-01-02 01:00:00,5.29189
2020-01-02 02:00:00,5.50561
2020-01-02 03:00:00,4.65742
2020-01-02 04:00:00,4.48386
2020-01-02 05:00:00,3.2330799999999997
2020-01-02 06:00:00,2.89505
2020-01-02 07:00:00,4.07745
2020-01-02 08:00:00,4.74635
2020-01-02 09:00:00,4.41788
2020-01-02 10:00:00,6.10805
2020-01-02 11:00:00,8.27395
2020-01-02 12:00:00,7.45253
2020-01-02 13:00:00,8.343760000000001
2020-01-02 14:00:00,5.7069
2020-01-02 15:00:00,7.6877699999999995
2020-01-02 16:00:00,6.392530000000001
2020-01-02 17:00:00,6.26535
2020-01-02 18:00:00,8.553180000000001
2020-01-02 19:00:00,7.74993
2020-01-02 20:00:00,6.3452
2020-01-02 21:00:00,5.9474
2020-01-02 22:00:00,5.94979
2020-01-02 23:00:00,5.6672199999999995
2020-01-03 00:00:00,4.17244
2020-01-03 01:00:00,3.0345
2020-01-03 02:00:00,2.38967
2020-01-03 03:00:00,4.72244
2020-01-03 04:00:00,7.85177
2020-01-03 05:00:00,19.17425
2020-01-03 06:00:00,42.21748
2020-01-03 07:00:00,59.22965
2020-01-03 08:00:00,74.36421999999999
2020-01-03 09:00:00,64.80554000000001
2020-01-03 10:00:00,59.79861999999999
2020-01-03 11:00:00,
2020-01-03 12:00:00,74.95215
2020-01-03 13:00:00,86.59704
2020-01-03 14:00:00,73.79525
2020-01-03 15:00:00,90.52293
2020-01-03 16:00:00,40.1123
2020-01-03 17:00:00,71.17799000000001
2020-01-03 18:00:00,33.28467
2020-01-03 19:00:00,23.6122
2020-01-03 20:00:00,51.77616
2020-01-03 21:00:00,11.26558
2020-01-03 22:00:00,20.19839
2020-01-03 23:00:00,7.39659
2020-01-04 00:00:00,5.08279
2020-01-04 01:00:00,4.62761
2020-01-04 02:00:00,3.5845
2020-01-04 03:00:00,4.210369999999999
2020-01-04 04:00:00,3.5276099999999997
2020-01-04 05:00:00,4.38106
2020-01-04 06:00:00,10.52592
2020-01-04 07:00:00,16.841479999999997
2020-01-04 08:00:00,21.56392
2020-01-04 09:00:00,25.03463
2020-01-04 10:00:00,23.95358
2020-01-04 11:00:00,94.6195
2020-01-04 12:00:00,23.49841
2020-01-04 13:00:00,36.86918
2020-01-04 14:00:00,62.35898
2020-01-04 15:00:00,53.255480000000006
2020-01-04 16:00:00,34.36571
2020-01-04 17:00:00,35.90193
2020-01-04 18:00:00,31.520870000000002
2020-01-04 19:00:00,29.70017
2020-01-04 20:00:00,24.92083
2020-01-04 21:00:00,18.548379999999998
2020-01-04 22:00:00,22.92944
2020-01-04 23:00:00,9.72937
2020-01-05 00:00:00,7.35866
2020-01-05 01:00:00,6.069
2020-01-05 02:00:00,5.4052
2020-01-05 03:00:00,10.12764
2020-01-05 04:00:00,3.01553
2020-01-05 05:00:00,2.44657
2020-01-05 06:00:00,2.61726
2020-01-05 07:00:00,3.6414
2020-01-05 08:00:00,10.9242
2020-01-05 09:00:00,6.884519999999999
2020-01-05 10:00:00,13.939729999999999
2020-01-05 11:00:00,12.51731
2020-01-05 12:00:00,13.65525
2020-01-05 13:00:00,13.88284
2020-01-05 14:00:00,11.32248
2020-01-05 15:00:00,13.14318
2020-01-05 16:00:00,8.76212
2020-01-05 17:00:00,10.810410000000001
2020-01-05 18:00:00,11.379380000000001
2020-01-05 19:00:00,6.82763
2020-01-05 20:00:00,9.21729
2020-01-05 21:00:00,5.1207199999999995
2020-01-05 22:00:00,3.12933
2020-01-05 23:00:00,2.5603599999999997
2020-01-06 00:00:00,1.8207
2020-01-06 01:00:00,1.2138
2020-01-06 02:00:00,1.30863
2020-01-06 03:00:00,1.47932
2020-01-06 04:00:00,1.8776
2020-01-06 05:00:00,1.9913900000000002
2020-01-06 06:00:00,3.9827800000000004
2020-01-06 07:00:00,7.56728
2020-01-06 08:00:00,10.810410000000001
2020-01-06 09:00:00,10.63972
2020-01-06 10:00:00,9.90006
2020-01-06 11:00:00,12.631110000000001
2020-01-06 12:00:00,10.52592
2020-01-06 13:00:00,13.769039999999999
2020-01-06 14:00:00,35.61744
2020-01-06 15:00:00,91.26259
2020-01-06 16:00:00,36.92607
2020-01-06 17:00:00,81.8746
2020-01-06 18:00:00,38.91746
2020-01-06 19:00:00,22.36047
2020-01-06 20:00:00,35.27606
2020-01-06 21:00:00,24.18117
2020-01-06 22:00:00,37.153659999999995
2020-01-06 23:00:00,13.939729999999999
2020-01-07 00:00:00,4.17244
2020-01-07 01:00:00,6.1448599999999995
2020-01-07 02:00:00,3.47071
2020-01-07 03:00:00,2.38967
2020-01-07 04:00:00,3.86899
2020-01-07 05:00:00,3.3569199999999997
2020-01-07 06:00:00,3.5276099999999997
2020-01-07 07:00:00,7.85177
2020-01-07 08:00:00,11.89145
2020-01-07 09:00:00,11.32248
2020-01-07 10:00:00,10.69661
2020-01-07 11:00:00,17.410439999999998
2020-01-07 12:00:00,9.44488
2020-01-07 13:00:00,15.874229999999999
2020-01-07 14:00:00,9.78626
2020-01-07 15:00:00,22.81565
2020-01-07 16:00:00,10.69661
2020-01-07 17:00:00,20.76736
2020-01-07 18:00:00,10.01385
2020-01-07 19:00:00,33.56916
2020-01-07 20:00:00,77.20906
2020-01-07 21:00:00,11.32248
2020-01-07 22:00:00,5.1207199999999995
2020-01-07 23:00:00,4.210369999999999
2020-01-08 00:00:00,1.8207
2020-01-08 01:00:00,1.36553
2020-01-08 02:00:00,2.04829
2020-01-08 03:00:00,2.78795
2020-01-08 04:00:00,3.5845
2020-01-08 05:00:00,4.66554
2020-01-08 06:00:00,42.67266
2020-01-08 07:00:00,27.708779999999997
2020-01-08 08:00:00,74.30731999999999
2020-01-08 09:00:00,46.76923
2020-01-08 10:00:00,25.60359
2020-01-08 11:00:00,50.9796
2020-01-08 12:00:00,52.23133
2020-01-08 13:00:00,90.80741
2020-01-08 14:00:00,66.74003
2020-01-08 15:00:00,83.24013000000001
2020-01-08 16:00:00,78.11941
2020-01-08 17:00:00,86.31255999999999
2020-01-08 18:00:00,59.40034
2020-01-08 19:00:00,74.5918
2020-01-08 20:00:00,54.450309999999995
2020-01-08 21:00:00,53.53996
2020-01-08 22:00:00,54.5641
2020-01-08 23:00:00,22.13288
2020-01-09 00:00:00,23.97255
2020-01-09 01:00:00,13.12421
2020-01-09 02:00:00,5.4621
2020-01-09 03:00:00,4.66554
2020-01-09 04:00:00,5.746580000000001
2020-01-09 05:00:00,10.9811
2020-01-09 06:00:00,19.62942
2020-01-09 07:00:00,47.05372
2020-01-09 08:00:00,64.97623
2020-01-09 09:00:00,73.11248
2020-01-09 10:00:00,72.48662
2020-01-09 11:00:00,81.64702
2020-01-09 12:00:00,128.30245
2020-01-09 13:00:00,82.78495
2020-01-09 14:00:00,91.77466
2020-01-09 15:00:00,119.82481999999999
2020-01-09 16:00:00,88.92981999999999
2020-01-09 17:00:00,89.55568000000001
2020-01-09 18:00:00,51.150290000000005
2020-01-09 19:00:00,61.39173
2020-01-09 20:00:00,35.33296
2020-01-09 21:00:00,32.08984
2020-01-09 22:00:00,39.71402
2020-01-09 23:00:00,14.67939
2020-01-10 00:00:00,17.52424
2020-01-10 01:00:00,12.06214
2020-01-10 02:00:00,8.875910000000001
2020-01-10 03:00:00,10.41213
2020-01-10 04:00:00,12.687999999999999
2020-01-10 05:00:00,30.04155
2020-01-10 06:00:00,47.22441
2020-01-10 07:00:00,75.72974
2020-01-10 08:00:00,93.53846
2020-01-10 09:00:00,98.94367
2020-01-10 10:00:00,79.20045
2020-01-10 11:00:00,93.65226
2020-01-10 12:00:00,75.44526
2020-01-10 13:00:00,70.04005
2020-01-10 14:00:00,34.02433
2020-01-10 15:00:00,35.21917
2020-01-10 16:00:00,25.5467
2020-01-10 17:00:00,17.581129999999998
2020-01-10 18:00:00,11.55007
2020-01-10 19:00:00,10.9811
2020-01-10 20:00:00,9.21729
2020-01-10 21:00:00,4.039680000000001
2020-01-10 22:00:00,3.86899
2020-01-10 23:00:00,4.55175
2020-01-11 00:00:00,1.44139
2020-01-11 01:00:00,2.04829
2020-01-11 02:00:00,1.30863
2020-01-11 03:00:00,1.13794
2020-01-11 04:00:00,1.08104
2020-01-11 05:00:00,1.7638
2020-01-11 06:00:00,3.0724299999999998
2020-01-11 07:00:00,4.26727
2020-01-11 08:00:00,5.86038
2020-01-11 09:00:00,13.82594
2020-01-11 10:00:00,33.68295
2020-01-11 11:00:00,11.208680000000001
2020-01-11 12:00:00,23.6691
2020-01-11 13:00:00,62.074490000000004
2020-01-11 14:00:00,40.68127
2020-01-11 15:00:00,38.2347
2020-01-11 16:00:00,21.96219
2020-01-11 17:00:00,91.71776
2020-01-11 18:00:00,59.22965
2020-01-11 19:00:00,24.12428
2020-01-11 20:00:00,30.9519
2020-01-11 21:00:00,28.16395
2020-01-11 22:00:00,37.49504
2020-01-11 23:00:00,47.67958
2020-01-12 00:00:00,38.08298
2020-01-12 01:00:00,31.86225
2020-01-12 02:00:00,32.08984
2020-01-12 03:00:00,28.107059999999997
2020-01-12 04:00:00,9.44488
2020-01-12 05:00:00,11.60696
2020-01-12 06:00:00,19.17425
2020-01-12 07:00:00,8.64833
2020-01-12 08:00:00,11.55007
2020-01-12 09:00:00,14.5087
2020-01-12 10:00:00,21.9053
2020-01-12 11:00:00,57.29515
2020-01-12 12:00:00,189.12521
2020-01-12 13:00:00,51.26408
2020-01-12 14:00:00,23.15703
2020-01-12 15:00:00,54.5641
2020-01-12 16:00:00,21.39323
2020-01-12 17:00:00,26.229459999999996
2020-01-12 18:00:00,31.17949
2020-01-12 19:00:00,57.579640000000005
2020-01-12 20:00:00,45.63129
2020-01-12 21:00:00,9.61557
2020-01-12 22:00:00,5.86038
2020-01-12 23:00:00,5.57589
2020-01-13 00:00:00,3.6414
2020-01-13 01:00:00,5.08279
2020-01-13 02:00:00,3.3569199999999997
2020-01-13 03:00:00,2.84484
2020-01-13 04:00:00,3.01553
2020-01-13 05:00:00,5.23451
2020-01-13 06:00:00,11.49317
2020-01-13 07:00:00,11.77765
2020-01-13 08:00:00,12.687999999999999
2020-01-13 09:00:00,11.94834
2020-01-13 10:00:00,14.11043
2020-01-13 11:00:00,12.687999999999999
2020-01-13 12:00:00,13.82594
2020-01-13 13:00:00,11.49317
2020-01-13 14:00:00,11.379380000000001
2020-01-13 15:00:00,10.52592
2020-01-13 16:00:00,12.57421
2020-01-13 17:00:00,18.09321
2020-01-13 18:00:00,7.965560000000001
2020-01-13 19:00:00,5.80348
2020-01-13 20:00:00,5.57589
2020-01-13 21:00:00,3.5276099999999997
2020-01-13 22:00:00,3.0724299999999998
2020-01-13 23:00:00,2.33277
2020-01-14 00:00:00,1.8965599999999998
2020-01-14 01:00:00,1.36553
2020-01-14 02:00:00,1.02414
2020-01-14 03:00:00,1.47932
2020-01-14 04:00:00,1.59311
2020-01-14 05:00:00,2.73105
2020-01-14 06:00:00,6.99832
2020-01-14 07:00:00,17.01217
2020-01-14 08:00:00,43.07093
2020-01-14 09:00:00,23.27082
2020-01-14 10:00:00,56.157219999999995
2020-01-14 11:00:00,42.900240000000004
2020-01-14 12:00:00,48.76062
2020-01-14 13:00:00,40.96575
2020-01-14 14:00:00,44.26577
2020-01-14 15:00:00,
2020-01-14 16:00:00,
2020-01-14 17:00:00,
2020-01-14 18:00:00,26.45705
2020-01-14 19:00:00,32.886390000000006
2020-01-14 20:00:00,11.43627
2020-01-14 21:00:00,7.90867
2020-01-14 22:00:00,10.75351
2020-01-14 23:00:00,20.88115
2020-01-15 00:00:00,2.73105
2020-01-15 01:00:00,1.97242
2020-01-15 02:00:00,1.5362200000000001
2020-01-15 03:00:00,1.47932
2020-01-15 04:00:00,1.8207
2020-01-15 05:00:00,3.0724299999999998
2020-01-15 06:00:00,8.59143
2020-01-15 07:00:00,42.95714
2020-01-15 08:00:00,24.12428
2020-01-15 09:00:00,25.60359
2020-01-15 10:00:00,16.67078
2020-01-15 11:00:00,58.14861
2020-01-15 12:00:00,29.301890000000004
2020-01-15 13:00:00,32.20363
2020-01-15 14:00:00,14.22422
2020-01-15 15:00:00,19.23114
2020-01-15 16:00:00,67.53659
2020-01-15 17:00:00,102.07299
2020-01-15 18:00:00,16.72768
2020-01-15 19:00:00,18.49148
2020-01-15 20:00:00,25.5467
2020-01-15 21:00:00,10.07075
2020-01-15 22:00:00,14.906979999999999
2020-01-15 23:00:00,11.037989999999999
2020-01-16 00:00:00,3.03323
2020-01-16 01:00:00,2.87768
2020-01-16 02:00:00,2.56658
2020-01-16 03:00:00,2.21659
2020-01-16 04:00:00,2.09993
2020-01-16 05:00:00,4.14152
2020-01-16 06:00:00,5.8914599999999995
2020-01-16 07:00:00,12.24956
2020-01-16 08:00:00,15.98276
2020-01-16 09:00:00,14.34949
2020-01-16 10:00:00,17.616039999999998
2020-01-16 11:00:00,21.17424
2020-01-16 12:00:00,27.649009999999997
2020-01-16 13:00:00,20.82426
2020-01-16 14:00:00,25.899079999999998
2020-01-16 15:00:00,16.56608
2020-01-16 16:00:00,17.188270000000003
2020-01-16 17:00:00,19.5993
2020-01-16 18:00:00,14.816139999999999
2020-01-16 19:00:00,35.232079999999996
2020-01-16 20:00:00,11.14127
2020-01-16 21:00:00,8.86635
2020-01-16 22:00:00,15.39945
2020-01-16 23:00:00,16.216089999999998
2020-01-17 00:00:00,3.26655
2020-01-17 01:00:00,7.54418
2020-01-17 02:00:00,11.31626
2020-01-17 03:00:00,11.49126
2020-01-17 04:00:00,10.84961
2020-01-17 05:00:00,23.21584
2020-01-17 06:00:00,54.189730000000004
2020-01-17 07:00:00,66.43929
2020-01-17 08:00:00,107.97113999999999
2020-01-17 09:00:00,125.12053
2020-01-17 10:00:00,117.5958
2020-01-17 11:00:00,105.98788
2020-01-17 12:00:00,52.49813
2020-01-17 13:00:00,67.78090999999999
2020-01-17 14:00:00,67.95591
2020-01-17 15:00:00,73.38071
2020-01-17 16:00:00,147.86972
2020-01-17 17:00:00,119.34573999999999
2020-01-17 18:00:00,41.41519
2020-01-17 19:00:00,59.96453
2020-01-17 20:00:00,26.424059999999997
2020-01-17 21:00:00,55.298030000000004
2020-01-17 22:00:00,39.14027
2020-01-17 23:00:00,49.581559999999996
2020-01-18 00:00:00,6.222
2020-01-18 01:00:00,3.111
2020-01-18 02:00:00,3.84986
2020-01-18 03:00:00,13.88284
2020-01-18 04:00:00,2.39158
2020-01-18 05:00:00,6.766430000000001
2020-01-18 06:00:00,12.54122
2020-01-18 07:00:00,86.97189
2020-01-18 08:00:00,57.689609999999995
2020-01-18 09:00:00,74.08069
2020-01-18 10:00:00,51.448159999999994
2020-01-18 11:00:00,56.172990000000006
2020-01-18 12:00:00,121.73732
2020-01-18 13:00:00,101.61304
2020-01-18 14:00:00,131.5953
2020-01-18 15:00:00,77.98888000000001
2020-01-18 16:00:00,66.43929
2020-01-18 17:00:00,81.13877
2020-01-18 18:00:00,53.60641999999999
2020-01-18 19:00:00,66.08931
2020-01-18 20:00:00,58.21459
2020-01-18 21:00:00,89.48014
2020-01-18 22:00:00,59.03123000000001
2020-01-18 23:00:00,56.69798
2020-01-19 00:00:00,44.4873
2020-01-19 01:00:00,36.3987
2020-01-19 02:00:00,37.565329999999996
2020-01-19 03:00:00,27.53235
2020-01-19 04:00:00,53.72308
2020-01-19 05:00:00,46.19835
2020-01-19 06:00:00,23.04084
2020-01-19 07:00:00,30.215590000000002
2020-01-19 08:00:00,44.39008
2020-01-19 09:00:00,36.80702
2020-01-19 10:00:00,40.1319
2020-01-19 11:00:00,42.17349
2020-01-19 12:00:00,33.5988
2020-01-19 13:00:00,50.74819
2020-01-19 14:00:00,42.698479999999996
2020-01-19 15:00:00,53.72308
2020-01-19 16:00:00,50.33987
2020-01-19 17:00:00,46.89833
2020-01-19 18:00:00,47.30664
2020-01-19 19:00:00,80.38046
2020-01-19 20:00:00,54.94804
2020-01-19 21:00:00,25.08244
2020-01-19 22:00:00,36.22371
2020-01-19 23:00:00,42.52348
2020-01-20 00:00:00,13.610629999999999
2020-01-20 01:00:00,8.01083
2020-01-20 02:00:00,8.86635
2020-01-20 03:00:00,6.24144
2020-01-20 04:00:00,14.58281
2020-01-20 05:00:00,19.77429
2020-01-20 06:00:00,22.51586
2020-01-20 07:00:00,52.49813
2020-01-20 08:00:00,72.91405999999999
2020-01-20 09:00:00,66.14764
2020-01-20 10:00:00,71.98076
2020-01-20 11:00:00,61.656130000000005
2020-01-20 12:00:00,42.99013
2020-01-20 13:00:00,72.68074
2020-01-20 14:00:00,109.42943000000001
2020-01-20 15:00:00,88.25518000000001
2020-01-20 16:00:00,58.856230000000004
2020-01-20 17:00:00,73.08906
2020-01-20 18:00:00,62.822759999999995
2020-01-20 19:00:00,62.41444
2020-01-20 20:00:00,39.37359
2020-01-20 21:00:00,11.082939999999999
2020-01-20 22:00:00,17.84936
2020-01-20 23:00:00,35.757059999999996
2020-01-21 00:00:00,8.3997
2020-01-21 01:00:00,7.1553
2020-01-21 02:00:00,5.8914599999999995
2020-01-21 03:00:00,6.35811
2020-01-21 04:00:00,7.75806
2020-01-21 05:00:00,10.03298
2020-01-21 06:00:00,30.565579999999997
2020-01-21 07:00:00,42.873470000000005
2020-01-21 08:00:00,68.71421
2020-01-21 09:00:00,128.85373
2020-01-21 10:00:00,80.38046
2020-01-21 11:00:00,53.25643
2020-01-21 12:00:00,50.86485
2020-01-21 13:00:00,37.50699
2020-01-21 14:00:00,68.07257
2020-01-21 15:00:00,63.872719999999994
2020-01-21 16:00:00,76.64726
2020-01-21 17:00:00,138.24506
2020-01-21 18:00:00,34.82376
2020-01-21 19:00:00,37.740320000000004
2020-01-21 20:00:00,35.99038
2020-01-21 21:00:00,37.68199
2020-01-21 22:00:00,30.33225
2020-01-21 23:00:00,29.16563
2020-01-22 00:00:00,13.6884
2020-01-22 01:00:00,8.86635
2020-01-22 02:00:00,8.74969
2020-01-22 03:00:00,6.883089999999999
2020-01-22 04:00:00,15.74944
2020-01-22 05:00:00,25.49076
2020-01-22 06:00:00,42.115159999999996
2020-01-22 07:00:00,72.85573000000001
2020-01-22 08:00:00,81.83874
2020-01-22 09:00:00,77.69723
2020-01-22 10:00:00,105.4629
2020-01-22 11:00:00,48.47327
2020-01-22 12:00:00,67.37259
2020-01-22 13:00:00,72.09743
2020-01-22 14:00:00,140.05333000000002
2020-01-22 15:00:00,109.83774
2020-01-22 16:00:00,87.67187
2020-01-22 17:00:00,84.40531999999999
2020-01-22 18:00:00,83.35536
2020-01-22 19:00:00,56.522980000000004
2020-01-22 20:00:00,43.28179
2020-01-22 21:00:00,131.24531000000002
2020-01-22 22:00:00,43.8651
2020-01-22 23:00:00,29.39895
2020-01-23 00:00:00,28.232329999999997
2020-01-23 01:00:00,18.27713
2020-01-23 02:00:00,13.766179999999999
2020-01-23 03:00:00,5.71646
2020-01-23 04:00:00,8.691360000000001
2020-01-23 05:00:00,14.69948
2020-01-23 06:00:00,23.157510000000002
2020-01-23 07:00:00,48.47327
2020-01-23 08:00:00,56.406319999999994
2020-01-23 09:00:00,52.03148
2020-01-23 10:00:00,60.022859999999994
2020-01-23 11:00:00,109.72108
2020-01-23 12:00:00,119.34573999999999
2020-01-23 13:00:00,48.18161
2020-01-23 14:00:00,91.05508
2020-01-23 15:00:00,93.56333000000001
2020-01-23 16:00:00,72.03909
2020-01-23 17:00:00,107.03783999999999
2020-01-23 18:00:00,56.522980000000004
2020-01-23 19:00:00,49.581559999999996
2020-01-23 20:00:00,23.79915
2020-01-23 21:00:00,26.65738
2020-01-23 22:00:00,18.08269
2020-01-23 23:00:00,46.37334
2020-01-24 00:00:00,5.98867
2020-01-24 01:00:00,5.9109
2020-01-24 02:00:00,5.30814
2020-01-24 03:00:00,4.899830000000001
2020-01-24 04:00:00,6.00812
2020-01-24 05:00:00,8.45803
2020-01-24 06:00:00,22.51586
2020-01-24 07:00:00,34.76543
2020-01-24 08:00:00,72.15576
2020-01-24 09:00:00,68.71421
2020-01-24 10:00:00,48.06495
2020-01-24 11:00:00,45.14839
2020-01-24 12:00:00,46.43168
2020-01-24 13:00:00,55.41469
2020-01-24 14:00:00,61.13115
2020-01-24 15:00:00,63.75606
2020-01-24 16:00:00,74.60566999999999
2020-01-24 17:00:00,64.92268
2020-01-24 18:00:00,41.240190000000005
2020-01-24 19:00:00,47.71496
2020-01-24 20:00:00,52.43979
2020-01-24 21:00:00,18.607670000000002
2020-01-24 22:00:00,20.29928
2020-01-24 23:00:00,12.424560000000001
2020-01-25 00:00:00,7.93305
2020-01-25 01:00:00,8.55525
2020-01-25 02:00:00,7.116410000000001
2020-01-25 03:00:00,4.5498400000000006
2020-01-25 04:00:00,3.49988
2020-01-25 05:00:00,5.19148
2020-01-25 06:00:00,11.54959
2020-01-25 07:00:00,16.7994
2020-01-25 08:00:00,31.03223
2020-01-25 09:00:00,33.773790000000005
2020-01-25 10:00:00,32.6655
2020-01-25 11:00:00,47.65663
2020-01-25 12:00:00,38.49863
2020-01-25 13:00:00,35.34874
2020-01-25 14:00:00,28.34899
2020-01-25 15:00:00,29.807270000000003
2020-01-25 16:00:00,23.09918
2020-01-25 17:00:00,18.25768
2020-01-25 18:00:00,19.5993
2020-01-25 19:00:00,15.8661
2020-01-25 20:00:00,13.941170000000001
2020-01-25 21:00:00,13.00787
2020-01-25 22:00:00,12.07457
2020-01-25 23:00:00,10.14964
2020-01-26 00:00:00,7.31085
2020-01-26 01:00:00,8.47748
2020-01-26 02:00:00,7.34974
2020-01-26 03:00:00,5.94979
2020-01-26 04:00:00,5.42481
2020-01-26 05:00:00,3.67487
2020-01-26 06:00:00,4.608169999999999
2020-01-26 07:00:00,4.899830000000001
2020-01-26 08:00:00,5.13315
2020-01-26 09:00:00,6.00812
2020-01-26 10:00:00,9.44966
2020-01-26 11:00:00,28.29066
2020-01-26 12:00:00,51.79815
2020-01-26 13:00:00,38.96528
2020-01-26 14:00:00,34.94042
2020-01-26 15:00:00,31.26555
2020-01-26 16:00:00,55.64801
2020-01-26 17:00:00,41.82351
2020-01-26 18:00:00,55.998000000000005
2020-01-26 19:00:00,61.77279
2020-01-26 20:00:00,54.073069999999994
2020-01-26 21:00:00,40.59855
2020-01-26 22:00:00,37.565329999999996
2020-01-26 23:00:00,14.46615
2020-01-27 00:00:00,6.68865
2020-01-27 01:00:00,2.7999
2020-01-27 02:00:00,2.09993
2020-01-27 03:00:00,2.44991
2020-01-27 04:00:00,2.91656
2020-01-27 05:00:00,4.9581599999999995
2020-01-27 06:00:00,19.48264
2020-01-27 07:00:00,16.50774
2020-01-27 08:00:00,47.71496
2020-01-27 09:00:00,30.04059
2020-01-27 10:00:00,29.39895
2020-01-27 11:00:00,81.83874
2020-01-27 12:00:00,23.97414
2020-01-27 13:00:00,30.682240000000004
2020-01-27 14:00:00,29.92393
2020-01-27 15:00:00,76.00562
2020-01-27 16:00:00,58.914559999999994
2020-01-27 17:00:00,55.706340000000004
2020-01-27 18:00:00,20.99925
2020-01-27 19:00:00,16.274420000000003
2020-01-27 20:00:00,19.07432
2020-01-27 21:00:00,23.27417
2020-01-27 22:00:00,23.85748
2020-01-27 23:00:00,43.69011
2020-01-28 00:00:00,15.01058
2020-01-28 01:00:00,13.6884
2020-01-28 02:00:00,9.56633
2020-01-28 03:00:00,3.9081900000000003
2020-01-28 04:00:00,4.6665
2020-01-28 05:00:00,9.68299
2020-01-28 06:00:00,12.71621
2020-01-28 07:00:00,35.58206
2020-01-28 08:00:00,62.93942
2020-01-28 09:00:00,86.7969
2020-01-28 10:00:00,53.78141
2020-01-28 11:00:00,90.47176999999999
2020-01-28 12:00:00,43.63178
2020-01-28 13:00:00,44.27342
2020-01-28 14:00:00,33.307140000000004
2020-01-28 15:00:00,49.75656
2020-01-28 16:00:00,92.92168000000001
2020-01-28 17:00:00,95.54659000000001
2020-01-28 18:00:00,56.522980000000004
2020-01-28 19:00:00,29.16563
2020-01-28 20:00:00,36.92368
2020-01-28 21:00:00,37.332
2020-01-28 22:00:00,58.38958
2020-01-28 23:00:00,25.1991
2020-01-29 00:00:00,6.37755
2020-01-29 01:00:00,4.744280000000001
2020-01-29 02:00:00,2.7415700000000003
2020-01-29 03:00:00,3.7915300000000003
2020-01-29 04:00:00,4.84149
2020-01-29 05:00:00,4.6665
2020-01-29 06:00:00,11.49126
2020-01-29 07:00:00,36.04871
2020-01-29 08:00:00,82.01374
2020-01-29 09:00:00,69.64751
2020-01-29 10:00:00,38.73195
2020-01-29 11:00:00,45.906690000000005
2020-01-29 12:00:00,55.356359999999995
2020-01-29 13:00:00,83.00537
2020-01-29 14:00:00,22.165879999999998
2020-01-29 15:00:00,35.4654
2020-01-29 16:00:00,92.74669
2020-01-29 17:00:00,26.54072
2020-01-29 18:00:00,44.91506
2020-01-29 19:00:00,48.12328
2020-01-29 20:00:00,20.99925
2020-01-29 21:00:00,6.416440000000001
2020-01-29 22:00:00,6.24144
2020-01-29 23:00:00,17.207720000000002
2020-01-30 00:00:00,7.7265
2020-01-30 01:00:00,4.0545
2020-01-30 02:00:00,2.35238
2020-01-30 03:00:00,2.23763
2020-01-30 04:00:00,2.8113799999999998
2020-01-30 05:00:00,3.6146300000000005
2020-01-30 06:00:00,23.29425
2020-01-30 07:00:00,49.3425
2020-01-30 08:00:00,34.94138
2020-01-30 09:00:00,20.31075
2020-01-30 10:00:00,25.4745
2020-01-30 11:00:00,38.26913
2020-01-30 12:00:00,26.44988
2020-01-30 13:00:00,28.916999999999998
2020-01-30 14:00:00,40.73625
2020-01-30 15:00:00,40.0095
2020-01-30 16:00:00,67.932
2020-01-30 17:00:00,39.474000000000004
2020-01-30 18:00:00,27.94163
2020-01-30 19:00:00,27.25313
2020-01-30 20:00:00,13.0815
2020-01-30 21:00:00,23.35163
2020-01-30 22:00:00,24.613879999999998
2020-01-30 23:00:00,26.96625
2020-01-31 00:00:00,6.426
2020-01-31 01:00:00,3.7485
2020-01-31 02:00:00,2.58188
2020-01-31 03:00:00,2.18025
2020-01-31 04:00:00,3.49988
2020-01-31 05:00:00,4.59
2020-01-31 06:00:00,13.25363
2020-01-31 07:00:00,45.15413
2020-01-31 08:00:00,20.31075
2020-01-31 09:00:00,28.80225
2020-01-31 10:00:00,42.85913
2020-01-31 11:00:00,19.5075
2020-01-31 12:00:00,33.85125
2020-01-31 13:00:00,32.76113
2020-01-31 14:00:00,24.613879999999998
2020-01-31 15:00:00,29.203879999999998
2020-01-31 16:00:00,19.10588
2020-01-31 17:00:00,17.78625
2020-01-31 18:00:00,12.27825
2020-01-31 19:00:00,14.05688
2020-01-31 20:00:00,12.67988
2020-01-31 21:00:00,8.14725
2020-01-31 22:00:00,7.343999999999999
2020-01-31 23:00:00,13.827379999999998
2020-02-01 00:00:00,2.3715
2020-02-01 01:00:00,2.7539999999999996
2020-02-01 02:00:00,2.23763
2020-02-01 03:00:00,1.49175
2020-02-01 04:00:00,1.3196299999999999
2020-02-01 05:00:00,2.00813
2020-02-01 06:00:00,3.7293800000000004
2020-02-01 07:00:00,6.1965
2020-02-01 08:00:00,39.76088
2020-02-01 09:00:00,19.22063
2020-02-01 10:00:00,31.84313
2020-02-01 11:00:00,95.29988
2020-02-01 12:00:00,45.38363
2020-02-01 13:00:00,45.03938
2020-02-01 14:00:00,56.17013000000001
2020-02-01 15:00:00,61.965
2020-02-01 16:00:00,38.097
2020-02-01 17:00:00,76.653
2020-02-01 18:00:00,25.76138
2020-02-01 19:00:00,41.137879999999996
2020-02-01 20:00:00,39.30188
2020-02-01 21:00:00,52.95713000000001
2020-02-01 22:00:00,44.63775
2020-02-01 23:00:00,52.49813
2020-02-02 00:00:00,34.8075
2020-02-02 01:00:00,46.1295
2020-02-02 02:00:00,39.58875
2020-02-02 03:00:00,25.58925
2020-02-02 04:00:00,16.40925
2020-02-02 05:00:00,11.41763
2020-02-02 06:00:00,17.6715
2020-02-02 07:00:00,28.2285
2020-02-02 08:00:00,32.53163
2020-02-02 09:00:00,37.92488
2020-02-02 10:00:00,30.40875
2020-02-02 11:00:00,15.606
2020-02-02 12:00:00,20.941879999999998
2020-02-02 13:00:00,28.630129999999998
2020-02-02 14:00:00,18.76163
2020-02-02 15:00:00,12.67988
2020-02-02 16:00:00,12.852
2020-02-02 17:00:00,24.84338
2020-02-02 18:00:00,28.11375
2020-02-02 19:00:00,31.03988
2020-02-02 20:00:00,21.85988
2020-02-02 21:00:00,4.30313
2020-02-02 22:00:00,8.721
2020-02-02 23:00:00,3.6719999999999997
2020-02-03 00:00:00,2.8305
2020-02-03 01:00:00,3.06
2020-02-03 02:00:00,2.295
2020-02-03 03:00:00,1.8359999999999999
2020-02-03 04:00:00,2.00813
2020-02-03 05:00:00,5.106380000000001
2020-02-03 06:00:00,9.925880000000001
2020-02-03 07:00:00,46.18688
2020-02-03 08:00:00,34.425
2020-02-03 09:00:00,36.54788
2020-02-03 10:00:00,39.58875
2020-02-03 11:00:00,45.84263
2020-02-03 12:00:00,81.4725
2020-02-03 13:00:00,39.41663
2020-02-03 14:00:00,31.09725
2020-02-03 15:00:00,26.90888
2020-02-03 16:00:00,98.57025
2020-02-03 17:00:00,106.029
2020-02-03 18:00:00,48.08025
2020-02-03 19:00:00,84.456
2020-02-03 20:00:00,141.19988
2020-02-03 21:00:00,117.56138
2020-02-03 22:00:00,76.194
2020-02-03 23:00:00,70.74338
2020-02-04 00:00:00,3.2895
2020-02-04 01:00:00,1.3769999999999998
2020-02-04 02:00:00,1.26225
2020-02-04 03:00:00,1.0901299999999998
2020-02-04 04:00:00,1.1475
2020-02-04 05:00:00,3.4425
2020-02-04 06:00:00,51.1785
2020-02-04 07:00:00,62.883
2020-02-04 08:00:00,80.61188
2020-02-04 09:00:00,134.54438000000002
2020-02-04 10:00:00,68.33363
2020-02-04 11:00:00,58.9815
2020-02-04 12:00:00,27.7695
2020-02-04 13:00:00,105.7995
2020-02-04 14:00:00,51.69488
2020-02-04 15:00:00,83.02163
2020-02-04 16:00:00,77.74313000000001
2020-02-04 17:00:00,201.2715
2020-02-04 18:00:00,40.04775
2020-02-04 19:00:00,25.41713
2020-02-04 20:00:00,25.35975
2020-02-04 21:00:00,51.80963
2020-02-04 22:00:00,64.43213
2020-02-04 23:00:00,61.965
2020-02-05 00:00:00,44.06399999999999
2020-02-05 01:00:00,18.4365
2020-02-05 02:00:00,30.40875
2020-02-05 03:00:00,22.548379999999998
2020-02-05 04:00:00,23.868000000000002
2020-02-05 05:00:00,25.531879999999997
2020-02-05 06:00:00,33.2775
2020-02-05 07:00:00,54.621
2020-02-05 08:00:00,52.612880000000004
2020-02-05 09:00:00,99.31613
2020-02-05 10:00:00,70.34175
2020-02-05 11:00:00,100.63575
2020-02-05 12:00:00,93.34913
2020-02-05 13:00:00,78.14475
2020-02-05 14:00:00,54.44888
2020-02-05 15:00:00,101.72588
2020-02-05 16:00:00,62.59613
2020-02-05 17:00:00,105.05363
2020-02-05 18:00:00,62.59613
2020-02-05 19:00:00,99.66038
2020-02-05 20:00:00,65.00588
2020-02-05 21:00:00,61.104380000000006
2020-02-05 22:00:00,56.858630000000005
2020-02-05 23:00:00,36.9495
2020-02-06 00:00:00,20.2725
2020-02-06 01:00:00,16.1415
2020-02-06 02:00:00,10.557
2020-02-06 03:00:00,12.73725
2020-02-06 04:00:00,16.17975
2020-02-06 05:00:00,23.06475
2020-02-06 06:00:00,53.12925
2020-02-06 07:00:00,107.92238
2020-02-06 08:00:00,51.75225
2020-02-06 09:00:00,104.30775
2020-02-06 10:00:00,86.80838
2020-02-06 11:00:00,115.95488
2020-02-06 12:00:00,71.20238
2020-02-06 13:00:00,47.79338
2020-02-06 14:00:00,71.604
2020-02-06 15:00:00,54.3915
2020-02-06 16:00:00,47.334379999999996
2020-02-06 17:00:00,52.0965
2020-02-06 18:00:00,75.33338
2020-02-06 19:00:00,82.10363000000001
2020-02-06 20:00:00,68.1615
2020-02-06 21:00:00,64.60425
2020-02-06 22:00:00,68.391
2020-02-06 23:00:00,103.5045
2020-02-07 00:00:00,30.8295
2020-02-07 01:00:00,24.785999999999998
2020-02-07 02:00:00,16.925629999999998
2020-02-07 03:00:00,15.72075
2020-02-07 04:00:00,17.15513
2020-02-07 05:00:00,23.007379999999998
2020-02-07 06:00:00,30.695629999999998
2020-02-07 07:00:00,56.6865
2020-02-07 08:00:00,68.90738
2020-02-07 09:00:00,148.257
2020-02-07 10:00:00,90.93938
2020-02-07 11:00:00,59.956880000000005
2020-02-07 12:00:00,70.39913
2020-02-07 13:00:00,117.61875
2020-02-07 14:00:00,57.20288000000001
2020-02-07 15:00:00,25.245
2020-02-07 16:00:00,29.77763
2020-02-07 17:00:00,32.24475
2020-02-07 18:00:00,28.630129999999998
2020-02-07 19:00:00,26.622
2020-02-07 20:00:00,26.50725
2020-02-07 21:00:00,20.99925
2020-02-07 22:00:00,11.30288
2020-02-07 23:00:00,9.58163
2020-02-08 00:00:00,5.9670000000000005
2020-02-08 01:00:00,3.5955
2020-02-08 02:00:00,3.09825
2020-02-08 03:00:00,2.00813
2020-02-08 04:00:00,3.6146300000000005
2020-02-08 05:00:00,3.78675
2020-02-08 06:00:00,14.974879999999999
2020-02-08 07:00:00,34.82663
2020-02-08 08:00:00,11.99138
2020-02-08 09:00:00,14.974879999999999
2020-02-08 10:00:00,36.72
2020-02-08 11:00:00,18.876379999999997
2020-02-08 12:00:00,14.171629999999999
2020-02-08 13:00:00,12.50775
2020-02-08 14:00:00,8.83575
2020-02-08 15:00:00,12.56513
2020-02-08 16:00:00,9.98325
2020-02-08 17:00:00,8.08988
2020-02-08 18:00:00,6.885
2020-02-08 19:00:00,5.33588
2020-02-08 20:00:00,4.0736300000000005
2020-02-08 21:00:00,4.87688
2020-02-08 22:00:00,4.30313
2020-02-08 23:00:00,2.86875
2020-02-09 00:00:00,1.989
2020-02-09 01:00:00,2.3715
2020-02-09 02:00:00,2.69663
2020-02-09 03:00:00,2.0655
2020-02-09 04:00:00,1.6065
2020-02-09 05:00:00,1.43438
2020-02-09 06:00:00,1.6065
2020-02-09 07:00:00,1.6065
2020-02-09 08:00:00,1.72125
2020-02-09 09:00:00,3.6146300000000005
2020-02-09 10:00:00,8.20463
2020-02-09 11:00:00,7.63088
2020-02-09 12:00:00,8.4915
2020-02-09 13:00:00,11.76188
2020-02-09 14:00:00,17.09775
2020-02-09 15:00:00,26.96625
2020-02-09 16:00:00,18.99113
2020-02-09 17:00:00,43.203379999999996
2020-02-09 18:00:00,20.941879999999998
2020-02-09 19:00:00,57.71925
2020-02-09 20:00:00,8.60625
2020-02-09 21:00:00,7.343999999999999
2020-02-09 22:00:00,6.024380000000001
2020-02-09 23:00:00,5.16375
2020-02-10 00:00:00,2.142
2020-02-10 01:00:00,2.295
2020-02-10 02:00:00,1.77863
2020-02-10 03:00:00,1.54913
2020-02-10 04:00:00,1.8359999999999999
2020-02-10 05:00:00,3.09825
2020-02-10 06:00:00,7.97513
2020-02-10 07:00:00,11.99138
2020-02-10 08:00:00,23.466379999999997
2020-02-10 09:00:00,37.98225
2020-02-10 10:00:00,25.30238
2020-02-10 11:00:00,35.74463
2020-02-10 12:00:00,54.162
2020-02-10 13:00:00,37.58063
2020-02-10 14:00:00,26.622
2020-02-10 15:00:00,62.25188000000001
2020-02-10 16:00:00,40.67888
2020-02-10 17:00:00,86.11988000000001
2020-02-10 18:00:00,29.94975
2020-02-10 19:00:00,11.13075
2020-02-10 20:00:00,6.99975
2020-02-10 21:00:00,24.72863
2020-02-10 22:00:00,17.04038
2020-02-10 23:00:00,16.23713
2020-02-11 00:00:00,2.0655
2020-02-11 01:00:00,1.224
2020-02-11 02:00:00,1.72125
2020-02-11 03:00:00,1.6065
2020-02-11 04:00:00,1.43438
2020-02-11 05:00:00,3.27038
2020-02-11 06:00:00,7.63088
2020-02-11 07:00:00,16.351879999999998
2020-02-11 08:00:00,23.35163
2020-02-11 09:00:00,48.30975
2020-02-11 10:00:00,32.8185
2020-02-11 11:00:00,62.53875
2020-02-11 12:00:00,92.77538
2020-02-11 13:00:00,40.219879999999996
2020-02-11 14:00:00,21.22875
2020-02-11 15:00:00,38.72813
2020-02-11 16:00:00,43.43288
2020-02-11 17:00:00,90.13613000000001
2020-02-11 18:00:00,34.13813
2020-02-11 19:00:00,15.3765
2020-02-11 20:00:00,9.18
2020-02-11 21:00:00,12.56513
2020-02-11 22:00:00,6.2538800000000005
2020-02-11 23:00:00,25.245
2020-02-12 00:00:00,3.2895
2020-02-12 01:00:00,1.53
2020-02-12 02:00:00,1.77863
2020-02-12 03:00:00,2.18025
2020-02-12 04:00:00,3.213
2020-02-12 05:00:00,3.95888
2020-02-12 06:00:00,8.893130000000001
2020-02-12 07:00:00,27.023629999999997
2020-02-12 08:00:00,32.18738
2020-02-12 09:00:00,39.7035
2020-02-12 10:00:00,35.056129999999996
2020-02-12 11:00:00,45.2115
2020-02-12 12:00:00,72.86625
2020-02-12 13:00:00,27.88425
2020-02-12 14:00:00,27.94163
2020-02-12 15:00:00,52.15388
2020-02-12 16:00:00,65.52225
2020-02-12 17:00:00,64.4895
2020-02-12 18:00:00,45.9
2020-02-12 19:00:00,88.93125
2020-02-12 20:00:00,100.2915
2020-02-12 21:00:00,78.31688
2020-02-12 22:00:00,34.99875
2020-02-12 23:00:00,15.204379999999999
2020-02-13 00:00:00,16.7994
2020-02-13 01:00:00,7.4664
2020-02-13 02:00:00,11.14127
2020-02-13 03:00:00,6.00812
2020-02-13 04:00:00,5.01649
2020-02-13 05:00:00,9.04134
2020-02-13 06:00:00,19.07432
2020-02-13 07:00:00,27.29903
2020-02-13 08:00:00,56.172990000000006
2020-02-13 09:00:00,88.60517
2020-02-13 10:00:00,88.83849000000001
2020-02-13 11:00:00,80.67211999999999
2020-02-13 12:00:00,70.11416
2020-02-13 13:00:00,64.51436
2020-02-13 14:00:00,100.15476
2020-02-13 15:00:00,85.04696
2020-02-13 16:00:00,
2020-02-13 17:00:00,101.32138
2020-02-13 18:00:00,69.18086
2020-02-13 19:00:00,71.57244
2020-02-13 20:00:00,102.37134
2020-02-13 21:00:00,145.65313
2020-02-13 22:00:00,72.56408
2020-02-13 23:00:00,44.39008
2020-02-14 00:00:00,33.5988
2020-02-14 01:00:00,35.54318
2020-02-14 02:00:00,23.09918
2020-02-14 03:00:00,8.574689999999999
2020-02-14 04:00:00,11.49126
2020-02-14 05:00:00,9.39133
2020-02-14 06:00:00,10.03298
2020-02-14 07:00:00,13.766179999999999
2020-02-14 08:00:00,16.91606
2020-02-14 09:00:00,17.49938
2020-02-14 10:00:00,15.632779999999999
2020-02-14 11:00:00,16.15776
2020-02-14 12:00:00,19.07432
2020-02-14 13:00:00,30.7989
2020-02-14 14:00:00,18.54934
2020-02-14 15:00:00,35.407070000000004
2020-02-14 16:00:00,118.29578000000001
2020-02-14 17:00:00,78.92218000000001
2020-02-14 18:00:00,36.80702
2020-02-14 19:00:00,47.539970000000004
2020-02-14 20:00:00,36.04871
2020-02-14 21:00:00,99.68811
2020-02-14 22:00:00,42.348490000000005
2020-02-14 23:00:00,29.690609999999996
2020-02-15 00:00:00,15.78832
2020-02-15 01:00:00,6.61088
2020-02-15 02:00:00,6.00812
2020-02-15 03:00:00,4.5498400000000006
2020-02-15 04:00:00,2.91656
2020-02-15 05:00:00,3.84986
2020-02-15 06:00:00,6.5331
2020-02-15 07:00:00,12.307889999999999
2020-02-15 08:00:00,9.099680000000001
2020-02-15 09:00:00,7.87472
2020-02-15 10:00:00,9.62466
2020-02-15 11:00:00,10.90794
2020-02-15 12:00:00,10.79128
2020-02-15 13:00:00,10.49963
2020-02-15 14:00:00,9.68299
2020-02-15 15:00:00,8.22471
2020-02-15 16:00:00,9.216339999999999
2020-02-15 17:00:00,57.80627
2020-02-15 18:00:00,31.090559999999996
2020-02-15 19:00:00,10.79128
2020-02-15 20:00:00,13.941170000000001
2020-02-15 21:00:00,6.649760000000001
2020-02-15 22:00:00,18.95766
2020-02-15 23:00:00,9.27467
2020-02-16 00:00:00,3.65542
2020-02-16 01:00:00,3.111
2020-02-16 02:00:00,2.5082400000000002
2020-02-16 03:00:00,2.2749200000000003
2020-02-16 04:00:00,2.44991
2020-02-16 05:00:00,1.92493
2020-02-16 06:00:00,10.09131
2020-02-16 07:00:00,4.19985
2020-02-16 08:00:00,8.74969
2020-02-16 09:00:00,8.691360000000001
2020-02-16 10:00:00,9.099680000000001
2020-02-16 11:00:00,7.4664
2020-02-16 12:00:00,10.09131
2020-02-16 13:00:00,15.10779
2020-02-16 14:00:00,5.8914599999999995
2020-02-16 15:00:00,6.82476
2020-02-16 16:00:00,6.649760000000001
2020-02-16 17:00:00,23.27417
2020-02-16 18:00:00,5.65813
2020-02-16 19:00:00,12.307889999999999
2020-02-16 20:00:00,4.25818
2020-02-16 21:00:00,3.2082200000000003
2020-02-16 22:00:00,2.68324
2020-02-16 23:00:00,1.74994
2020-02-17 00:00:00,1.5555
2020-02-17 01:00:00,1.39995
2020-02-17 02:00:00,1.28329
2020-02-17 03:00:00,1.39995
2020-02-17 04:00:00,1.92493
2020-02-17 05:00:00,2.91656
2020-02-17 06:00:00,9.62466
2020-02-17 07:00:00,21.69923
2020-02-17 08:00:00,31.090559999999996
2020-02-17 09:00:00,40.54022
2020-02-17 10:00:00,86.15526
2020-02-17 11:00:00,38.03198
2020-02-17 12:00:00,94.49663000000001
2020-02-17 13:00:00,38.84861
2020-02-17 14:00:00,25.84074
2020-02-17 15:00:00,54.59805
2020-02-17 16:00:00,47.014990000000004
2020-02-17 17:00:00,68.42256
2020-02-17 18:00:00,32.89883
2020-02-17 19:00:00,34.59043
2020-02-17 20:00:00,8.808019999999999
2020-02-17 21:00:00,25.66575
2020-02-17 22:00:00,10.84961
2020-02-17 23:00:00,23.79915
2020-02-18 00:00:00,4.0443
2020-02-18 01:00:00,2.87768
2020-02-18 02:00:00,2.0415900000000002
2020-02-18 03:00:00,1.80827
2020-02-18 04:00:00,2.0415900000000002
2020-02-18 05:00:00,4.25818
2020-02-18 06:00:00,7.583060000000001
2020-02-18 07:00:00,16.099429999999998
2020-02-18 08:00:00,24.14914
2020-02-18 09:00:00,24.2658
2020-02-18 10:00:00,36.04871
2020-02-18 11:00:00,36.63203
2020-02-18 12:00:00,46.665
2020-02-18 13:00:00,40.24856
2020-02-18 14:00:00,47.42331
2020-02-18 15:00:00,42.29016
2020-02-18 16:00:00,43.106790000000004
2020-02-18 17:00:00,101.14639
2020-02-18 18:00:00,39.315259999999995
2020-02-18 19:00:00,40.71521
2020-02-18 20:00:00,85.04696
2020-02-18 21:00:00,19.424310000000002
2020-02-18 22:00:00,20.24094
2020-02-18 23:00:00,21.75756
2020-02-19 00:00:00,3.4425
2020-02-19 01:00:00,3.825
2020-02-19 02:00:00,3.20344
2020-02-19 03:00:00,7.36313
2020-02-19 04:00:00,3.4425
2020-02-19 05:00:00,5.7375
2020-02-19 06:00:00,16.11281
2020-02-19 07:00:00,25.57969
2020-02-19 08:00:00,44.70469
2020-02-19 09:00:00,
2020-02-19 10:00:00,
2020-02-19 11:00:00,
2020-02-19 12:00:00,
2020-02-19 13:00:00,
2020-02-19 14:00:00,
2020-02-19 15:00:00,
2020-02-19 16:00:00,17.595
2020-02-19 17:00:00,23.23688
2020-02-19 18:00:00,18.79031
2020-02-19 19:00:00,11.475
2020-02-19 20:00:00,11.42719
2020-02-19 21:00:00,11.23594
2020-02-19 22:00:00,8.845310000000001
2020-02-19 23:00:00,57.08813000000001
2020-02-20 00:00:00,3.37875
2020-02-20 01:00:00,2.23125
2020-02-20 02:00:00,2.39063
2020-02-20 03:00:00,2.2471900000000002
2020-02-20 04:00:00,1.8168799999999998
2020-02-20 05:00:00,3.06
2020-02-20 06:00:00,14.439379999999998
2020-02-20 07:00:00,22.13719
2020-02-20 08:00:00,51.39844
2020-02-20 09:00:00,36.38531
2020-02-20 10:00:00,40.59281
2020-02-20 11:00:00,90.41344000000001
2020-02-20 12:00:00,49.62938
2020-02-20 13:00:00,40.73625
2020-02-20 14:00:00,63.39938000000001
2020-02-20 15:00:00,42.409690000000005
2020-02-20 16:00:00,55.4625
2020-02-20 17:00:00,79.75125
2020-02-20 18:00:00,33.42094
2020-02-20 19:00:00,33.85125
2020-02-20 20:00:00,19.41188
2020-02-20 21:00:00,37.05469
2020-02-20 22:00:00,12.38344
2020-02-20 23:00:00,36.098440000000004
2020-02-21 00:00:00,4.39875
2020-02-21 01:00:00,2.9325
2020-02-21 02:00:00,3.06
2020-02-21 03:00:00,2.72531
2020-02-21 04:00:00,2.295
2020-02-21 05:00:00,2.72531
2020-02-21 06:00:00,5.355
2020-02-21 07:00:00,7.602189999999999
2020-02-21 08:00:00,13.67438
2020-02-21 09:00:00,12.90938
2020-02-21 10:00:00,18.79031
2020-02-21 11:00:00,14.96531
2020-02-21 12:00:00,18.31219
2020-02-21 13:00:00,66.36375
2020-02-21 14:00:00,21.89813
2020-02-21 15:00:00,123.35625
2020-02-21 16:00:00,28.6875
2020-02-21 17:00:00,28.352809999999998
2020-02-21 18:00:00,34.75969
2020-02-21 19:00:00,12.24
2020-02-21 20:00:00,9.84938
2020-02-21 21:00:00,47.09531
2020-02-21 22:00:00,11.379380000000001
2020-02-21 23:00:00,21.515629999999998
2020-02-22 00:00:00,2.295
2020-02-22 01:00:00,1.97625
2020-02-22 02:00:00,3.29906
2020-02-22 03:00:00,3.29906
2020-02-22 04:00:00,1.7690599999999999
2020-02-22 05:00:00,2.91656
2020-02-22 06:00:00,19.89
2020-02-22 07:00:00,12.09656
2020-02-22 08:00:00,16.25625
2020-02-22 09:00:00,24.43219
2020-02-22 10:00:00,16.4475
2020-02-22 11:00:00,25.43625
2020-02-22 12:00:00,40.97531
2020-02-22 13:00:00,23.52375
2020-02-22 14:00:00,21.99375
2020-02-22 15:00:00,36.72
2020-02-22 16:00:00,14.439379999999998
2020-02-22 17:00:00,18.55125
2020-02-22 18:00:00,27.587809999999998
2020-02-22 19:00:00,23.954060000000002
2020-02-22 20:00:00,14.86969
2020-02-22 21:00:00,14.630629999999998
2020-02-22 22:00:00,69.80625
2020-02-22 23:00:00,45.08719
2020-02-23 00:00:00,14.85375
2020-02-23 01:00:00,18.67875
2020-02-23 02:00:00,16.30406
2020-02-23 03:00:00,11.80969
2020-02-23 04:00:00,7.889060000000001
2020-02-23 05:00:00,5.833130000000001
2020-02-23 06:00:00,7.36313
2020-02-23 07:00:00,8.462810000000001
2020-02-23 08:00:00,13.72219
2020-02-23 09:00:00,8.08031
2020-02-23 10:00:00,39.44531
2020-02-23 11:00:00,8.845310000000001
2020-02-23 12:00:00,8.7975
2020-02-23 13:00:00,22.5675
2020-02-23 14:00:00,10.13625
2020-02-23 15:00:00,12.71813
2020-02-23 16:00:00,8.98875
2020-02-23 17:00:00,33.89906
2020-02-23 18:00:00,26.535940000000004
2020-02-23 19:00:00,51.350629999999995
2020-02-23 20:00:00,24.38438
2020-02-23 21:00:00,20.368129999999997
2020-02-23 22:00:00,16.01719
2020-02-23 23:00:00,25.38844
2020-02-24 00:00:00,17.53125
2020-02-24 01:00:00,12.55875
2020-02-24 02:00:00,7.36313
2020-02-24 03:00:00,4.06406
2020-02-24 04:00:00,2.5340599999999998
2020-02-24 05:00:00,3.9206300000000005
2020-02-24 06:00:00,14.9175
2020-02-24 07:00:00,19.364060000000002
2020-02-24 08:00:00,35.5725
2020-02-24 09:00:00,40.78406
2020-02-24 10:00:00,59.33531
2020-02-24 11:00:00,90.98719
2020-02-24 12:00:00,82.33313000000001
2020-02-24 13:00:00,57.614059999999995
2020-02-24 14:00:00,134.59219
2020-02-24 15:00:00,98.39813000000001
2020-02-24 16:00:00,45.61313
2020-02-24 17:00:00,47.955940000000005
2020-02-24 18:00:00,16.83
2020-02-24 19:00:00,16.11281
2020-02-24 20:00:00,23.284689999999998
2020-02-24 21:00:00,20.41594
2020-02-24 22:00:00,30.360940000000003
2020-02-24 23:00:00,27.06188
2020-02-25 00:00:00,4.65375
2020-02-25 01:00:00,3.315
2020-02-25 02:00:00,3.96844
2020-02-25 03:00:00,3.5859400000000003
2020-02-25 04:00:00,3.29906
2020-02-25 05:00:00,7.74563
2020-02-25 06:00:00,20.750629999999997
2020-02-25 07:00:00,39.68438
2020-02-25 08:00:00,63.39938000000001
2020-02-25 09:00:00,82.71563
2020-02-25 10:00:00,47.52563
2020-02-25 11:00:00,46.71281
2020-02-25 12:00:00,67.51125
2020-02-25 13:00:00,53.69344
2020-02-25 14:00:00,47.76469
2020-02-25 15:00:00,45.94781
2020-02-25 16:00:00,87.25780999999999
2020-02-25 17:00:00,101.45813000000001
2020-02-25 18:00:00,58.28344
2020-02-25 19:00:00,63.68625
2020-02-25 20:00:00,38.05875
2020-02-25 21:00:00,29.022190000000002
2020-02-25 22:00:00,45.80438
2020-02-25 23:00:00,40.11469
2020-02-26 00:00:00,11.6025
2020-02-26 01:00:00,5.80125
2020-02-26 02:00:00,6.5025
2020-02-26 03:00:00,7.219689999999999
2020-02-26 04:00:00,9.99281
2020-02-26 05:00:00,7.55438
2020-02-26 06:00:00,59.90906
2020-02-26 07:00:00,58.426880000000004
2020-02-26 08:00:00,94.52531
2020-02-26 09:00:00,94.86
2020-02-26 10:00:00,125.02968999999999
2020-02-26 11:00:00,47.716879999999996
2020-02-26 12:00:00,46.13906
2020-02-26 13:00:00,48.24281
2020-02-26 14:00:00,105.80906
2020-02-26 15:00:00,76.83469000000001
2020-02-26 16:00:00,71.81438
2020-02-26 17:00:00,110.73375
2020-02-26 18:00:00,67.27219000000001
2020-02-26 19:00:00,
2020-02-26 20:00:00,
2020-02-26 21:00:00,
2020-02-26 22:00:00,
2020-02-26 23:00:00,
2020-02-27 00:00:00,
2020-02-27 01:00:00,
2020-02-27 02:00:00,
2020-02-27 03:00:00,
2020-02-27 04:00:00,
2020-02-27 05:00:00,
2020-02-27 06:00:00,
2020-02-27 07:00:00,
2020-02-27 08:00:00,
2020-02-27 09:00:00,
2020-02-27 10:00:00,
2020-02-27 11:00:00,
2020-02-27 12:00:00,
2020-02-27 13:00:00,
2020-02-27 14:00:00,
2020-02-27 15:00:00,100.59081
2020-02-27 16:00:00,80.24276
2020-02-27 17:00:00,84.83563000000001
2020-02-27 18:00:00,70.63914
2020-02-27 19:00:00,50.86485
2020-02-27 20:00:00,64.87869
2020-02-27 21:00:00,36.18163
2020-02-27 22:00:00,47.48642
2020-02-27 23:00:00,51.15842
2020-02-28 00:00:00,24.318070000000002
2020-02-28 01:00:00,27.97095
2020-02-28 02:00:00,19.31529
2020-02-28 03:00:00,15.212029999999999
2020-02-28 04:00:00,2.52928
2020-02-28 05:00:00,5.00214
2020-02-28 06:00:00,6.6459399999999995
2020-02-28 07:00:00,6.822839999999999
2020-02-28 08:00:00,20.155839999999998
2020-02-28 09:00:00,29.5596
2020-02-28 10:00:00,
2020-02-28 11:00:00,31.32293
2020-02-28 12:00:00,31.098209999999998
2020-02-28 13:00:00,54.115140000000004
2020-02-28 14:00:00,76.69412
2020-02-28 15:00:00,91.16218
2020-02-28 16:00:00,88.17581
2020-02-28 17:00:00,81.77085
2020-02-28 18:00:00,70.04436
2020-02-28 19:00:00,52.872980000000005
2020-02-28 20:00:00,21.99184
2020-02-28 21:00:00,7.95983
2020-02-28 22:00:00,5.73463
2020-02-28 23:00:00,2.83815
2020-02-29 00:00:00,-0.45263000000000003
2020-02-29 01:00:00,-1.3056
2020-02-29 02:00:00,-0.80325
2020-02-29 03:00:00,0.9744200000000001
2020-02-29 04:00:00,-1.44776
2020-02-29 05:00:00,8.439860000000001
2020-02-29 06:00:00,19.39084
2020-02-29 07:00:00,22.0167
2020-02-29 08:00:00,39.58206
2020-02-29 09:00:00,50.068290000000005
2020-02-29 10:00:00,31.08578
2020-02-29 11:00:00,74.05583
2020-02-29 12:00:00,34.52254
2020-02-29 13:00:00,33.95166
2020-02-29 14:00:00,18.75589
2020-02-29 15:00:00,8.85201
2020-02-29 16:00:00,13.29379
2020-02-29 17:00:00,31.951179999999997
2020-02-29 18:00:00,25.22492
2020-02-29 19:00:00,54.332209999999996
2020-02-29 20:00:00,55.932019999999994
2020-02-29 21:00:00,7.31053
2020-02-29 22:00:00,41.571059999999996
2020-02-29 23:00:00,12.85391
2020-03-01 00:00:00,2.86875
2020-03-01 01:00:00,8.98875
2020-03-01 02:00:00,0.0
2020-03-01 03:00:00,2.295
2020-03-01 04:00:00,0.0
2020-03-01 05:00:00,0.0
2020-03-01 06:00:00,0.0
2020-03-01 07:00:00,0.0
2020-03-01 08:00:00,6.12
2020-03-01 09:00:00,7.07625
2020-03-01 10:00:00,38.44125
2020-03-01 11:00:00,14.535
2020-03-01 12:00:00,14.535
2020-03-01 13:00:00,15.3
2020-03-01 14:00:00,12.6225
2020-03-01 15:00:00,12.81375
2020-03-01 16:00:00,16.63875
2020-03-01 17:00:00,18.16875
2020-03-01 18:00:00,189.14625
2020-03-01 19:00:00,29.07
2020-03-01 20:00:00,12.43125
2020-03-01 21:00:00,8.60625
2020-03-01 22:00:00,5.7375
2020-03-01 23:00:00,0.95625
2020-03-02 00:00:00,0.3825
2020-03-02 01:00:00,1.1475
2020-03-02 02:00:00,4.2075
2020-03-02 03:00:00,6.12
2020-03-02 04:00:00,4.59
2020-03-02 05:00:00,24.8625
2020-03-02 06:00:00,30.02625
2020-03-02 07:00:00,139.23
2020-03-02 08:00:00,86.8275
2020-03-02 09:00:00,124.695
2020-03-02 10:00:00,65.025
2020-03-02 11:00:00,79.9425
2020-03-02 12:00:00,78.22125
2020-03-02 13:00:00,113.6025
2020-03-02 14:00:00,86.8275
2020-03-02 15:00:00,68.65875
2020-03-02 16:00:00,68.85
2020-03-02 17:00:00,74.01375
2020-03-02 18:00:00,37.8675
2020-03-02 19:00:00,35.955
2020-03-02 20:00:00,36.91125
2020-03-02 21:00:00,113.22
2020-03-02 22:00:00,35.76375
2020-03-02 23:00:00,23.52375
2020-03-03 00:00:00,11.0925
2020-03-03 01:00:00,0.95625
2020-03-03 02:00:00,0.0
2020-03-03 03:00:00,0.0
2020-03-03 04:00:00,0.0
2020-03-03 05:00:00,8.22375
2020-03-03 06:00:00,37.67625
2020-03-03 07:00:00,80.7075
2020-03-03 08:00:00,120.105
2020-03-03 09:00:00,167.9175
2020-03-03 10:00:00,73.0575
2020-03-03 11:00:00,58.5225
2020-03-03 12:00:00,86.445
2020-03-03 13:00:00,59.2875
2020-03-03 14:00:00,62.53875
2020-03-03 15:00:00,98.3025
2020-03-03 16:00:00,125.46
2020-03-03 17:00:00,66.555
2020-03-03 18:00:00,75.92625
2020-03-03 19:00:00,82.42875
2020-03-03 20:00:00,34.23375
2020-03-03 21:00:00,60.62625
2020-03-03 22:00:00,119.91375
2020-03-03 23:00:00,30.2175
2020-03-04 00:00:00,9.18
2020-03-04 01:00:00,13.005
2020-03-04 02:00:00,14.535
2020-03-04 03:00:00,14.9175
2020-03-04 04:00:00,19.5075
2020-03-04 05:00:00,30.9825
2020-03-04 06:00:00,51.6375
2020-03-04 07:00:00,123.165
2020-03-04 08:00:00,73.24875
2020-03-04 09:00:00,65.025
2020-03-04 10:00:00,76.1175
2020-03-04 11:00:00,93.33
2020-03-04 12:00:00,
2020-03-04 13:00:00,53.9325
2020-03-04 14:00:00,49.53375
2020-03-04 15:00:00,75.54375
2020-03-04 16:00:00,84.15
2020-03-04 17:00:00,85.10625
2020-03-04 18:00:00,55.845
2020-03-04 19:00:00,76.8825
2020-03-04 20:00:00,71.71875
2020-03-04 21:00:00,43.79625
2020-03-04 22:00:00,35.955
2020-03-04 23:00:00,34.61625
2020-03-05 00:00:00,17.9775
2020-03-05 01:00:00,12.43125
2020-03-05 02:00:00,12.43125
2020-03-05 03:00:00,5.54625
2020-03-05 04:00:00,12.04875
2020-03-05 05:00:00,25.245
2020-03-05 06:00:00,24.28875
2020-03-05 07:00:00,
2020-03-05 08:00:00,108.05625
2020-03-05 09:00:00,80.51625
2020-03-05 10:00:00,79.75125
2020-03-05 11:00:00,104.805
2020-03-05 12:00:00,75.735
2020-03-05 13:00:00,62.92125
2020-03-05 14:00:00,76.30875
2020-03-05 15:00:00,63.68625
2020-03-05 16:00:00,90.84375
2020-03-05 17:00:00,209.41875
2020-03-05 18:00:00,68.65875
2020-03-05 19:00:00,65.4075
2020-03-05 20:00:00,63.30375
2020-03-05 21:00:00,60.0525
2020-03-05 22:00:00,33.66
2020-03-05 23:00:00,33.2775
2020-03-06 00:00:00,16.4475
2020-03-06 01:00:00,10.71
2020-03-06 02:00:00,11.8575
2020-03-06 03:00:00,7.84125
2020-03-06 04:00:00,7.65
2020-03-06 05:00:00,15.10875
2020-03-06 06:00:00,39.015
2020-03-06 07:00:00,46.47375
2020-03-06 08:00:00,61.2
2020-03-06 09:00:00,268.32375
2020-03-06 10:00:00,110.5425
2020-03-06 11:00:00,55.845
2020-03-06 12:00:00,83.385
2020-03-06 13:00:00,41.88375
2020-03-06 14:00:00,48.96
2020-03-06 15:00:00,58.14
2020-03-06 16:00:00,49.53375
2020-03-06 17:00:00,96.19875
2020-03-06 18:00:00,30.02625
2020-03-06 19:00:00,30.2175
2020-03-06 20:00:00,30.40875
2020-03-06 21:00:00,67.89375
2020-03-06 22:00:00,34.0425
2020-03-06 23:00:00,46.09125
2020-03-07 00:00:00,20.46375
2020-03-07 01:00:00,19.125
2020-03-07 02:00:00,42.26625
2020-03-07 03:00:00,7.45875
2020-03-07 04:00:00,2.10375
2020-03-07 05:00:00,3.825
2020-03-07 06:00:00,5.54625
2020-03-07 07:00:00,11.28375
2020-03-07 08:00:00,11.8575
2020-03-07 09:00:00,15.6825
2020-03-07 10:00:00,31.365
2020-03-07 11:00:00,24.67125
2020-03-07 12:00:00,17.02125
2020-03-07 13:00:00,18.7425
2020-03-07 14:00:00,16.4475
2020-03-07 15:00:00,13.005
2020-03-07 16:00:00,9.18
2020-03-07 17:00:00,10.90125
2020-03-07 18:00:00,12.81375
2020-03-07 19:00:00,6.12
2020-03-07 20:00:00,3.63375
2020-03-07 21:00:00,6.5025
2020-03-07 22:00:00,1.72125
2020-03-07 23:00:00,1.33875
2020-03-08 00:00:00,2.10375
2020-03-08 01:00:00,2.10375
2020-03-08 02:00:00,2.86875
2020-03-08 03:00:00,2.10375
2020-03-08 04:00:00,2.48625
2020-03-08 05:00:00,2.6775
2020-03-08 06:00:00,4.78125
2020-03-08 07:00:00,5.355
2020-03-08 08:00:00,5.92875
2020-03-08 09:00:00,8.22375
2020-03-08 10:00:00,8.0325
2020-03-08 11:00:00,25.43625
2020-03-08 12:00:00,36.52875
2020-03-08 13:00:00,34.99875
2020-03-08 14:00:00,9.37125
2020-03-08 15:00:00,8.60625
2020-03-08 16:00:00,6.69375
2020-03-08 17:00:00,17.595
2020-03-08 18:00:00,32.32125
2020-03-08 19:00:00,14.34375
2020-03-08 20:00:00,7.65
2020-03-08 21:00:00,6.69375
2020-03-08 22:00:00,4.59
2020-03-08 23:00:00,3.06
2020-03-09 00:00:00,3.4425
2020-03-09 01:00:00,4.01625
2020-03-09 02:00:00,3.63375
2020-03-09 03:00:00,5.7375
2020-03-09 04:00:00,6.5025
2020-03-09 05:00:00,7.2675
2020-03-09 06:00:00,48.5775
2020-03-09 07:00:00,58.14
2020-03-09 08:00:00,65.4075
2020-03-09 09:00:00,50.29875
2020-03-09 10:00:00,67.7025
2020-03-09 11:00:00,53.74125
2020-03-09 12:00:00,121.44375
2020-03-09 13:00:00,28.49625
2020-03-09 14:00:00,21.99375
2020-03-09 15:00:00,24.67125
2020-03-09 16:00:00,15.3
2020-03-09 17:00:00,25.245
2020-03-09 18:00:00,14.34375
2020-03-09 19:00:00,11.8575
2020-03-09 20:00:00,11.8575
2020-03-09 21:00:00,10.71
2020-03-09 22:00:00,9.37125
2020-03-09 23:00:00,7.2675
2020-03-10 00:00:00,1.72125
2020-03-10 01:00:00,2.48625
2020-03-10 02:00:00,1.72125
2020-03-10 03:00:00,2.6775
2020-03-10 04:00:00,1.72125
2020-03-10 05:00:00,2.86875
2020-03-10 06:00:00,15.6825
2020-03-10 07:00:00,16.065
2020-03-10 08:00:00,34.425
2020-03-10 09:00:00,29.64375
2020-03-10 10:00:00,57.56625
2020-03-10 11:00:00,39.58875
2020-03-10 12:00:00,28.11375
2020-03-10 13:00:00,57.7575
2020-03-10 14:00:00,35.5725
2020-03-10 15:00:00,55.4625
2020-03-10 16:00:00,30.9825
2020-03-10 17:00:00,24.48
2020-03-10 18:00:00,36.91125
2020-03-10 19:00:00,20.655
2020-03-10 20:00:00,22.37625
2020-03-10 21:00:00,23.715
2020-03-10 22:00:00,13.19625
2020-03-10 23:00:00,6.12
2020-03-11 00:00:00,4.01625
2020-03-11 01:00:00,4.59
2020-03-11 02:00:00,1.33875
2020-03-11 03:00:00,0.95625
2020-03-11 04:00:00,0.765
2020-03-11 05:00:00,2.10375
2020-03-11 06:00:00,4.01625
2020-03-11 07:00:00,7.84125
2020-03-11 08:00:00,21.42
2020-03-11 09:00:00,34.61625
2020-03-11 10:00:00,36.72
2020-03-11 11:00:00,30.6
2020-03-11 12:00:00,23.90625
2020-03-11 13:00:00,29.64375
2020-03-11 14:00:00,55.65375
2020-03-11 15:00:00,44.56125
2020-03-11 16:00:00,55.08
2020-03-11 17:00:00,48.96
2020-03-11 18:00:00,40.35375
2020-03-11 19:00:00,50.29875
2020-03-11 20:00:00,23.715
2020-03-11 21:00:00,18.16875
2020-03-11 22:00:00,3.825
2020-03-11 23:00:00,2.6775
2020-03-12 00:00:00,2.6775
2020-03-12 01:00:00,1.72125
2020-03-12 02:00:00,1.33875
2020-03-12 03:00:00,1.33875
2020-03-12 04:00:00,2.10375
2020-03-12 05:00:00,5.16375
2020-03-12 06:00:00,5.16375
2020-03-12 07:00:00,9.5625
2020-03-12 08:00:00,37.1025
2020-03-12 09:00:00,25.43625
2020-03-12 10:00:00,22.37625
2020-03-12 11:00:00,17.2125
2020-03-12 12:00:00,23.3325
2020-03-12 13:00:00,24.0975
2020-03-12 14:00:00,31.7475
2020-03-12 15:00:00,26.96625
2020-03-12 16:00:00,94.66875
2020-03-12 17:00:00,82.42875
2020-03-12 18:00:00,51.44625
2020-03-12 19:00:00,39.97125
2020-03-12 20:00:00,9.18
2020-03-12 21:00:00,15.3
2020-03-12 22:00:00,18.7425
2020-03-12 23:00:00,18.93375
2020-03-13 00:00:00,5.7375
2020-03-13 01:00:00,6.12
2020-03-13 02:00:00,9.18
2020-03-13 03:00:00,5.92875
2020-03-13 04:00:00,3.25125
2020-03-13 05:00:00,13.005
2020-03-13 06:00:00,25.6275
2020-03-13 07:00:00,49.91625
2020-03-13 08:00:00,97.155
2020-03-13 09:00:00,70.18875
2020-03-13 10:00:00,69.04125
2020-03-13 11:00:00,38.82375
2020-03-13 12:00:00,32.895
2020-03-13 13:00:00,28.6875
2020-03-13 14:00:00,47.43
2020-03-13 15:00:00,34.99875
2020-03-13 16:00:00,41.50125
2020-03-13 17:00:00,48.195
2020-03-13 18:00:00,36.91125
2020-03-13 19:00:00,25.05375
2020-03-13 20:00:00,20.2725
2020-03-13 21:00:00,18.7425
2020-03-13 22:00:00,16.25625
2020-03-13 23:00:00,10.3275
2020-03-14 00:00:00,7.84125
2020-03-14 01:00:00,6.69375
2020-03-14 02:00:00,6.12
2020-03-14 03:00:00,8.60625
2020-03-14 04:00:00,5.7375
2020-03-14 05:00:00,7.45875
2020-03-14 06:00:00,8.7975
2020-03-14 07:00:00,13.005
2020-03-14 08:00:00,17.2125
2020-03-14 09:00:00,19.31625
2020-03-14 10:00:00,17.78625
2020-03-14 11:00:00,22.75875
2020-03-14 12:00:00,29.835
2020-03-14 13:00:00,20.2725
2020-03-14 14:00:00,18.55125
2020-03-14 15:00:00,14.1525
2020-03-14 16:00:00,11.8575
2020-03-14 17:00:00,7.84125
2020-03-14 18:00:00,7.84125
2020-03-14 19:00:00,5.7375
2020-03-14 20:00:00,4.59
2020-03-14 21:00:00,3.4425
2020-03-14 22:00:00,4.01625
2020-03-14 23:00:00,3.06
2020-03-15 00:00:00,2.6775
2020-03-15 01:00:00,3.4425
2020-03-15 02:00:00,2.295
2020-03-15 03:00:00,3.06
2020-03-15 04:00:00,0.95625
2020-03-15 05:00:00,1.53
2020-03-15 06:00:00,1.53
2020-03-15 07:00:00,6.69375
2020-03-15 08:00:00,3.25125
2020-03-15 09:00:00,7.84125
2020-03-15 10:00:00,8.0325
2020-03-15 11:00:00,13.77
2020-03-15 12:00:00,11.0925
2020-03-15 13:00:00,18.36
2020-03-15 14:00:00,7.2675
2020-03-15 15:00:00,11.475
2020-03-15 16:00:00,
2020-03-15 17:00:00,16.83
2020-03-15 18:00:00,21.61125
2020-03-15 19:00:00,15.6825
2020-03-15 20:00:00,15.10875
2020-03-15 21:00:00,9.945
2020-03-15 22:00:00,16.4475
2020-03-15 23:00:00,15.10875
2020-03-16 00:00:00,7.65
2020-03-16 01:00:00,7.2675
2020-03-16 02:00:00,8.415
2020-03-16 03:00:00,8.60625
2020-03-16 04:00:00,8.0325
2020-03-16 05:00:00,20.655
2020-03-16 06:00:00,29.835
2020-03-16 07:00:00,35.19
2020-03-16 08:00:00,47.62125
2020-03-16 09:00:00,54.315
2020-03-16 10:00:00,65.79
2020-03-16 11:00:00,65.59875
2020-03-16 12:00:00,37.1025
2020-03-16 13:00:00,24.28875
2020-03-16 14:00:00,20.84625
2020-03-16 15:00:00,30.9825
2020-03-16 16:00:00,16.065
2020-03-16 17:00:00,15.3
2020-03-16 18:00:00,11.66625
2020-03-16 19:00:00,21.99375
2020-03-16 20:00:00,14.1525
2020-03-16 21:00:00,9.75375
2020-03-16 22:00:00,43.03125
2020-03-16 23:00:00,11.475
2020-03-17 00:00:00,6.69375
2020-03-17 01:00:00,2.10375
2020-03-17 02:00:00,2.48625
2020-03-17 03:00:00,3.4425
2020-03-17 04:00:00,2.86875
2020-03-17 05:00:00,10.90125
2020-03-17 06:00:00,44.17875
2020-03-17 07:00:00,33.85125
2020-03-17 08:00:00,44.56125
2020-03-17 09:00:00,82.42875
2020-03-17 10:00:00,74.01375
2020-03-17 11:00:00,23.14125
2020-03-17 12:00:00,29.07
2020-03-17 13:00:00,79.9425
2020-03-17 14:00:00,55.65375
2020-03-17 15:00:00,27.54
2020-03-17 16:00:00,28.49625
2020-03-17 17:00:00,14.535
2020-03-17 18:00:00,28.305
2020-03-17 19:00:00,12.6225
2020-03-17 20:00:00,23.3325
2020-03-17 21:00:00,17.78625
2020-03-17 22:00:00,38.05875
2020-03-17 23:00:00,27.73125
2020-03-18 00:00:00,1.33875
2020-03-18 01:00:00,1.33875
2020-03-18 02:00:00,1.53
2020-03-18 03:00:00,3.06
2020-03-18 04:00:00,5.355
2020-03-18 05:00:00,12.04875
2020-03-18 06:00:00,41.50125
2020-03-18 07:00:00,54.6975
2020-03-18 08:00:00,72.675
2020-03-18 09:00:00,47.23875
2020-03-18 10:00:00,34.99875
2020-03-18 11:00:00,51.44625
2020-03-18 12:00:00,59.47875
2020-03-18 13:00:00,29.07
2020-03-18 14:00:00,50.8725
2020-03-18 15:00:00,78.795
2020-03-18 16:00:00,44.37
2020-03-18 17:00:00,67.12875
2020-03-18 18:00:00,54.88875
2020-03-18 19:00:00,37.29375
2020-03-18 20:00:00,28.11375
2020-03-18 21:00:00,21.42
2020-03-18 22:00:00,28.11375
2020-03-18 23:00:00,23.715
2020-03-19 00:00:00,11.66625
2020-03-19 01:00:00,11.28375
2020-03-19 02:00:00,8.22375
2020-03-19 03:00:00,12.04875
2020-03-19 04:00:00,16.83
2020-03-19 05:00:00,23.14125
2020-03-19 06:00:00,35.76375
2020-03-19 07:00:00,52.02
2020-03-19 08:00:00,72.10125
2020-03-19 09:00:00,49.91625
2020-03-19 10:00:00,77.45625
2020-03-19 11:00:00,56.61
2020-03-19 12:00:00,56.80125
2020-03-19 13:00:00,52.785
2020-03-19 14:00:00,32.13
2020-03-19 15:00:00,108.43875
2020-03-19 16:00:00,49.15125
2020-03-19 17:00:00,46.85625
2020-03-19 18:00:00,29.26125
2020-03-19 19:00:00,42.26625
2020-03-19 20:00:00,40.35375
2020-03-19 21:00:00,28.305
2020-03-19 22:00:00,22.75875
2020-03-19 23:00:00,14.9175
2020-03-20 00:00:00,7.07625
2020-03-20 01:00:00,5.16375
2020-03-20 02:00:00,5.54625
2020-03-20 03:00:00,9.37125
2020-03-20 04:00:00,6.69375
2020-03-20 05:00:00,11.28375
2020-03-20 06:00:00,40.1625
2020-03-20 07:00:00,39.78
2020-03-20 08:00:00,88.54875
2020-03-20 09:00:00,51.44625
2020-03-20 10:00:00,48.96
2020-03-20 11:00:00,52.21125
2020-03-20 12:00:00,39.78
2020-03-20 13:00:00,26.20125
2020-03-20 14:00:00,43.605
2020-03-20 15:00:00,37.1025
2020-03-20 16:00:00,42.64875
2020-03-20 17:00:00,50.8725
2020-03-20 18:00:00,54.50625
2020-03-20 19:00:00,50.68125
2020-03-20 20:00:00,42.075
2020-03-20 21:00:00,44.37
2020-03-20 22:00:00,33.08625
2020-03-20 23:00:00,23.3325
2020-03-21 00:00:00,16.25625
2020-03-21 01:00:00,11.28375
2020-03-21 02:00:00,8.98875
2020-03-21 03:00:00,8.415
2020-03-21 04:00:00,6.69375
2020-03-21 05:00:00,14.1525
2020-03-21 06:00:00,18.93375
2020-03-21 07:00:00,21.42
2020-03-21 08:00:00,27.9225
2020-03-21 09:00:00,27.34875
2020-03-21 10:00:00,22.75875
2020-03-21 11:00:00,21.0375
2020-03-21 12:00:00,15.10875
2020-03-21 13:00:00,21.22875
2020-03-21 14:00:00,18.7425
2020-03-21 15:00:00,18.36
2020-03-21 16:00:00,
2020-03-21 17:00:00,23.90625
2020-03-21 18:00:00,22.75875
2020-03-21 19:00:00,20.46375
2020-03-21 20:00:00,16.4475
2020-03-21 21:00:00,14.1525
2020-03-21 22:00:00,9.18
2020-03-21 23:00:00,7.2675
2020-03-22 00:00:00,5.54625
2020-03-22 01:00:00,9.75375
2020-03-22 02:00:00,11.8575
2020-03-22 03:00:00,11.28375
2020-03-22 04:00:00,12.81375
2020-03-22 05:00:00,13.57875
2020-03-22 06:00:00,21.8025
2020-03-22 07:00:00,27.9225
2020-03-22 08:00:00,27.54
2020-03-22 09:00:00,26.20125
2020-03-22 10:00:00,26.3925
2020-03-22 11:00:00,27.1575
2020-03-22 12:00:00,13.3875
2020-03-22 13:00:00,11.8575
2020-03-22 14:00:00,10.3275
2020-03-22 15:00:00,13.96125
2020-03-22 16:00:00,14.34375
2020-03-22 17:00:00,23.52375
2020-03-22 18:00:00,38.6325
2020-03-22 19:00:00,43.2225
2020-03-22 20:00:00,59.09625
2020-03-22 21:00:00,49.91625
2020-03-22 22:00:00,29.64375
2020-03-22 23:00:00,25.81875
