Fire_Lons,Fire_Lats
146.52,-31.527
146.716,-31.451
151.339,-29.738
152.334,-29.202
152.345,-29.199
151.994,-29.107
152.141,-28.585
152.132,-28.585
151.273,-28.598
152.865,-28.17
150.677,-28.454
150.096,-28.227
150.093,-28.213
150.323,-28.109
150.217,-27.801
148.287,-27.151
148.271,-27.153
149.731,-26.51
149.715,-26.513
151.799,-25.927
149.198,-26.193
148.424,-26.317
152.138,-25.617
152.049,-25.602
151.966,-25.617
152.024,-25.59
152.021,-25.575
146.488,-26.257
151.952,-25.216
149.914,-25.249
148.673,-25.128
151.043,-24.604
148.188,-24.948
148.136,-24.928
147.566,-24.964
147.635,-24.912
147.574,-24.922
147.558,-24.924
147.602,-24.903
147.571,-24.908
147.577,-24.895
147.69,-24.823
147.611,-24.821
147.608,-24.808
147.288,-24.857
147.621,-24.792
147.642,-24.777
147.273,-24.82
147.242,-24.825
147.27,-24.807
150.384,-23.867
150.381,-23.853
150.576,-23.788
147.302,-23.693
146.562,-23.683
150.368,-22.848
145.987,-23.336
149.665,-22.536
147.362,-22.819
146.579,-22.939
149.311,-22.148
147.718,-22.372
147.612,-22.306
147.709,-22.279
145.87,-22.463
145.371,-22.524
149.145,-21.866
132.39,-23.66
149.377,-21.609
147.775,-21.605
147.878,-21.386
131.654,-23.039
147.948,-21.074
147.899,-21.068
148.42,-20.945
146.152,-21.017
147.095,-20.86
146.749,-20.9
146.464,-20.93
145.747,-21.011
146.455,-20.877
146.218,-20.873
146.716,-20.756
145.527,-20.935
147.172,-20.644
147.649,-20.473
145.513,-20.802
146.333,-20.653
147.671,-20.375
147.485,-20.391
147.366,-20.385
146.868,-20.449
146.19,-20.445
146.008,-20.445
145.673,-20.387
146.304,-20.265
146.142,-20.25
140.72,-20.857
146.343,-20.056
145.882,-19.789
146.779,-19.637
145.806,-19.787
145.732,-19.798
145.833,-19.769
145.759,-19.78
145.733,-19.758
145.76,-19.74
145.686,-19.751
145.802,-19.72
145.755,-19.713
145.677,-19.698
145.82,-19.609
145.686,-19.616
142.098,-20.055
145.538,-19.502
141.856,-20.01
145.625,-19.476
142.036,-19.941
142.032,-19.911
145.233,-19.44
141.654,-19.912
141.998,-19.869
141.996,-19.854
141.015,-19.948
141.932,-19.816
141.872,-19.808
141.852,-19.811
141.831,-19.798
141.789,-19.788
141.821,-19.785
141.801,-19.788
141.782,-19.79
141.758,-19.763
141.736,-19.75
141.751,-19.717
141.712,-19.722
145.815,-19.137
141.588,-19.614
141.76,-19.47
145.797,-18.897
141.792,-19.467
141.754,-19.472
141.751,-19.457
141.712,-19.462
145.807,-18.868
145.793,-18.87
134.756,-20.224
145.791,-18.857
145.776,-18.859
144.908,-18.989
141.895,-19.361
141.876,-19.363
141.874,-19.348
141.904,-19.345
141.885,-19.347
134.736,-19.991
133.674,-20.034
144.868,-18.699
145.22,-18.633
145.205,-18.635
133.639,-19.985
145.137,-18.537
145.122,-18.539
140.752,-18.91
140.664,-18.921
145.359,-18.207
145.356,-18.194
144.357,-18.273
142.216,-18.568
142.198,-18.57
140.764,-18.737
140.252,-18.799
142.207,-18.551
140.756,-18.728
140.734,-18.731
140.427,-18.77
140.26,-18.791
140.242,-18.777
143.091,-18.386
139.209,-18.885
139.189,-18.869
141.164,-18.596
141.182,-18.578
145.12,-18.027
141.175,-18.582
144.274,-18.138
141.152,-18.57
144.257,-18.127
143.364,-18.118
144.848,-17.877
140.871,-18.418
144.86,-17.862
140.964,-18.38
144.321,-17.807
143.858,-17.805
142.827,-17.899
143.864,-17.644
144.548,-17.517
144.534,-17.519
144.576,-17.499
144.487,-17.512
144.44,-17.452
144.007,-17.516
141.56,-17.825
143.017,-17.599
144.653,-17.327
144.403,-17.364
144.489,-17.337
145.82,-17.096
137.09,-18.235
137.088,-18.215
137.11,-18.192
144.143,-17.308
144.096,-17.301
143.871,-17.334
144.214,-17.27
144.96,-17.146
144.122,-17.269
137.048,-18.134
137.045,-18.113
144.56,-17.124
142.377,-17.437
137.061,-18.107
144.219,-17.161
144.554,-17.084
144.289,-17.123
144.2,-17.136
144.155,-17.143
144.198,-17.123
145.262,-16.911
145.233,-16.916
145.216,-16.905
145.229,-16.889
145.214,-16.891
145.2,-16.894
144.487,-17.0
144.103,-17.056
145.197,-16.88
145.21,-16.865
137.222,-17.903
145.208,-16.851
145.193,-16.854
145.179,-16.856
145.191,-16.84
145.176,-16.842
145.162,-16.845
137.027,-17.883
145.181,-16.829
145.167,-16.831
144.026,-17.001
143.921,-17.016
145.165,-16.818
144.143,-16.97
137.117,-17.889
137.093,-17.891
137.045,-17.897
145.177,-16.802
145.163,-16.805
145.175,-16.789
142.206,-17.216
145.173,-16.776
145.17,-16.762
144.179,-16.91
132.832,-18.226
145.197,-16.745
145.168,-16.749
132.806,-18.201
145.195,-16.731
141.97,-17.189
145.388,-16.69
145.185,-16.721
144.445,-16.831
145.443,-16.668
145.4,-16.674
144.763,-16.77
144.749,-16.773
144.56,-16.801
142.626,-17.08
132.847,-18.227
144.47,-16.8
143.953,-16.876
142.607,-17.068
142.133,-17.134
132.798,-18.204
144.803,-16.737
143.995,-16.856
143.98,-16.858
132.957,-18.164
144.539,-16.763
144.034,-16.809
143.914,-16.826
143.972,-16.804
143.492,-16.849
142.128,-17.026
143.867,-16.767
143.805,-16.762
144.789,-16.604
144.057,-16.712
143.982,-16.722
144.511,-16.631
144.496,-16.634
144.055,-16.698
142.854,-16.868
144.479,-16.622
142.574,-16.892
144.484,-16.61
143.774,-16.714
143.455,-16.76
141.237,-17.071
143.877,-16.685
143.772,-16.701
145.014,-16.489
143.813,-16.667
143.721,-16.666
143.136,-16.75
143.613,-16.668
143.506,-16.683
144.03,-16.594
143.774,-16.617
142.972,-16.73
144.181,-16.546
144.034,-16.568
144.209,-16.528
143.291,-16.662
143.009,-16.702
144.0,-16.545
143.97,-16.55
143.955,-16.552
143.791,-16.576
143.366,-16.637
142.911,-16.702
142.847,-16.711
142.799,-16.718
143.819,-16.558
142.973,-16.679
144.01,-16.516
143.996,-16.518
143.981,-16.521
143.966,-16.523
143.847,-16.54
143.802,-16.547
143.05,-16.654
144.068,-16.494
143.994,-16.505
143.949,-16.511
143.8,-16.533
143.016,-16.644
143.857,-16.511
143.93,-16.487
143.915,-16.489
143.9,-16.491
143.855,-16.497
143.811,-16.504
143.508,-16.547
143.92,-16.477
143.906,-16.479
143.484,-16.541
143.269,-16.572
143.451,-16.531
143.946,-16.446
143.093,-16.569
142.711,-16.623
143.869,-16.443
143.675,-16.471
143.614,-16.48
143.401,-16.511
143.355,-16.517
143.2,-16.539
142.463,-16.643
142.413,-16.65
143.838,-16.434
143.089,-16.541
143.026,-16.55
143.701,-16.44
143.008,-16.538
142.977,-16.542
143.287,-16.485
143.085,-16.513
143.053,-16.518
142.879,-16.542
144.333,-16.32
142.781,-16.541
142.57,-16.57
142.203,-16.62
144.324,-16.309
143.323,-16.456
143.168,-16.478
143.121,-16.485
143.15,-16.466
143.072,-16.478
142.819,-16.514
143.148,-16.453
143.133,-16.455
143.07,-16.464
142.769,-16.507
142.623,-16.527
141.932,-16.623
137.733,-17.159
143.546,-16.382
142.879,-16.477
142.815,-16.486
142.651,-16.494
144.005,-16.287
142.888,-16.433
142.792,-16.446
142.467,-16.491
142.465,-16.477
142.382,-16.488
142.893,-16.41
142.765,-16.428
142.34,-16.488
143.049,-16.373
142.891,-16.396
142.52,-16.448
142.438,-16.46
142.321,-16.476
143.031,-16.362
142.984,-16.369
142.873,-16.384
142.809,-16.393
142.729,-16.405
142.616,-16.421
142.551,-16.43
142.518,-16.434
142.485,-16.439
142.791,-16.382
142.614,-16.406
144.32,-16.147
142.448,-16.415
142.431,-16.417
144.333,-16.132
142.61,-16.378
142.544,-16.387
142.479,-16.396
142.429,-16.403
144.316,-16.12
144.287,-16.125
144.272,-16.127
143.86,-16.187
143.163,-16.287
143.132,-16.291
143.054,-16.302
142.975,-16.313
142.591,-16.366
142.444,-16.387
142.427,-16.389
142.361,-16.398
144.299,-16.109
144.285,-16.111
144.27,-16.113
142.425,-16.375
142.409,-16.377
142.375,-16.382
144.29,-16.098
144.275,-16.1
143.027,-16.283
142.71,-16.328
142.629,-16.339
143.134,-16.253
143.087,-16.26
142.627,-16.325
141.975,-16.417
144.344,-16.063
143.65,-16.165
143.132,-16.239
143.038,-16.253
142.976,-16.262
142.462,-16.334
138.389,-16.867
144.371,-16.045
143.284,-16.204
143.13,-16.226
143.036,-16.239
142.942,-16.252
142.704,-16.286
142.623,-16.297
138.406,-16.847
138.387,-16.849
138.368,-16.852
142.94,-16.238
138.404,-16.829
138.385,-16.831
138.366,-16.833
142.731,-16.253
142.699,-16.258
136.781,-16.995
136.76,-16.998
142.857,-16.222
142.665,-16.248
142.727,-16.225
143.05,-16.172
142.638,-16.231
143.172,-16.14
142.764,-16.198
142.732,-16.203
143.491,-16.08
143.324,-16.104
143.046,-16.144
142.553,-16.214
143.028,-16.132
142.387,-16.223
143.228,-16.09
143.057,-16.114
142.774,-16.154
142.467,-16.197
136.763,-16.912
134.886,-17.113
145.064,-15.806
144.963,-15.821
143.195,-16.081
136.761,-16.892
144.774,-15.836
144.745,-15.841
143.901,-15.965
142.802,-16.122
142.69,-16.137
142.164,-16.21
144.858,-15.81
144.844,-15.812
143.899,-15.952
143.884,-15.954
144.733,-15.816
143.919,-15.937
143.516,-15.996
143.243,-16.036
142.647,-16.121
142.403,-16.156
142.287,-16.172
142.085,-16.201
144.645,-15.816
143.931,-15.922
142.351,-16.149
142.134,-16.179
136.75,-16.869
144.715,-15.791
143.944,-15.906
143.452,-15.978
143.193,-16.015
142.283,-16.144
136.748,-16.848
144.741,-15.774
143.45,-15.964
143.91,-15.883
143.851,-15.892
142.924,-16.025
142.638,-16.065
142.279,-16.115
143.923,-15.868
142.907,-16.013
142.636,-16.051
142.21,-16.11
142.193,-16.113
142.126,-16.122
145.051,-15.686
142.92,-15.997
142.714,-16.026
142.14,-16.105
145.02,-15.677
142.189,-16.084
142.172,-16.086
142.121,-16.093
142.105,-16.095
142.054,-16.102
142.624,-16.017
142.608,-16.019
142.559,-16.026
142.248,-16.07
142.08,-16.094
142.063,-16.096
143.834,-15.828
142.908,-15.962
142.876,-15.967
142.813,-15.976
142.702,-15.992
142.46,-16.026
143.353,-15.884
142.906,-15.949
142.716,-15.975
142.458,-16.012
142.442,-16.014
142.16,-16.054
143.904,-15.79
143.381,-15.866
142.888,-15.937
142.872,-15.939
142.521,-15.989
142.456,-15.998
142.158,-16.039
143.916,-15.775
143.902,-15.777
143.026,-15.903
142.886,-15.923
142.807,-15.934
142.664,-15.954
142.454,-15.984
142.437,-15.986
142.156,-16.025
142.993,-15.894
142.884,-15.909
142.868,-15.911
142.852,-15.914
142.836,-15.916
142.821,-15.918
142.789,-15.922
142.725,-15.931
142.646,-15.943
143.971,-15.739
142.85,-15.9
142.834,-15.902
142.787,-15.909
142.771,-15.911
142.692,-15.922
142.676,-15.924
142.482,-15.951
142.449,-15.955
142.433,-15.958
141.809,-16.043
141.74,-16.052
144.246,-15.685
143.969,-15.726
142.895,-15.879
142.864,-15.884
142.689,-15.908
142.673,-15.91
142.593,-15.921
142.447,-15.941
142.415,-15.946
143.945,-15.717
143.93,-15.72
143.768,-15.744
143.753,-15.746
142.423,-15.938
144.481,-15.624
144.264,-15.656
144.206,-15.665
143.943,-15.704
143.766,-15.73
143.751,-15.732
142.853,-15.862
142.837,-15.864
142.821,-15.867
142.742,-15.878
142.469,-15.917
142.42,-15.924
143.999,-15.682
143.955,-15.688
143.941,-15.691
142.835,-15.851
142.819,-15.853
142.772,-15.86
142.724,-15.866
142.516,-15.896
142.5,-15.898
142.483,-15.9
142.353,-15.919
137.547,-16.542
145.023,-15.515
143.997,-15.668
143.982,-15.671
142.786,-15.843
142.77,-15.846
142.0,-15.953
137.629,-16.513
144.243,-15.619
144.214,-15.623
144.01,-15.653
143.188,-15.772
142.878,-15.816
142.72,-15.838
142.592,-15.856
142.56,-15.861
142.479,-15.872
142.414,-15.881
137.627,-16.494
144.458,-15.573
144.008,-15.639
143.978,-15.644
142.907,-15.798
142.813,-15.811
142.59,-15.842
142.477,-15.858
137.625,-16.475
137.604,-16.478
144.035,-15.622
143.991,-15.628
143.622,-15.682
143.26,-15.734
142.779,-15.802
142.748,-15.806
142.7,-15.813
142.636,-15.822
142.507,-15.839
142.459,-15.846
142.41,-15.853
143.871,-15.632
143.135,-15.737
142.903,-15.77
142.84,-15.779
142.825,-15.781
142.586,-15.814
142.538,-15.821
141.923,-15.905
141.871,-15.912
144.038,-15.596
143.994,-15.602
143.862,-15.622
143.142,-15.727
142.847,-15.77
142.831,-15.772
142.784,-15.779
142.737,-15.785
142.561,-15.811
142.545,-15.813
141.88,-15.907
144.485,-15.516
144.239,-15.552
144.167,-15.563
144.094,-15.574
144.065,-15.578
144.036,-15.583
144.021,-15.585
143.262,-15.696
143.247,-15.698
143.124,-15.716
142.892,-15.749
142.845,-15.756
142.798,-15.763
142.782,-15.765
142.766,-15.767
142.735,-15.772
142.575,-15.794
142.559,-15.797
142.543,-15.799
142.511,-15.803
142.43,-15.815
141.947,-15.883
141.929,-15.885
141.895,-15.89
144.713,-15.468
144.512,-15.498
143.26,-15.682
143.245,-15.684
143.107,-15.704
142.921,-15.731
142.827,-15.744
142.796,-15.749
142.764,-15.753
142.748,-15.755
142.653,-15.769
142.637,-15.771
142.541,-15.785
142.492,-15.792
142.476,-15.794
142.46,-15.796
142.297,-15.819
141.979,-15.864
141.91,-15.873
144.119,-15.543
144.017,-15.558
144.002,-15.56
143.988,-15.562
143.87,-15.579
143.855,-15.582
143.135,-15.686
142.856,-15.726
142.841,-15.728
142.825,-15.73
142.73,-15.744
142.699,-15.748
142.587,-15.764
142.507,-15.775
142.442,-15.784
142.425,-15.787
142.409,-15.789
142.294,-15.805
141.7,-15.887
144.219,-15.514
144.131,-15.527
144.117,-15.529
144.102,-15.532
144.0,-15.547
143.587,-15.607
142.87,-15.71
142.854,-15.712
142.744,-15.728
142.728,-15.73
142.665,-15.739
142.456,-15.768
142.44,-15.77
142.423,-15.773
142.276,-15.793
141.94,-15.839
141.923,-15.842
144.202,-15.503
144.187,-15.505
144.1,-15.518
144.056,-15.525
142.837,-15.7
142.726,-15.716
142.631,-15.729
142.615,-15.731
142.599,-15.734
142.454,-15.754
142.438,-15.756
142.421,-15.758
142.405,-15.761
141.921,-15.827
144.301,-15.475
144.171,-15.494
143.282,-15.623
142.645,-15.713
142.435,-15.742
142.419,-15.744
142.403,-15.747
142.139,-15.783
142.004,-15.801
141.919,-15.813
141.798,-15.829
144.372,-15.451
144.198,-15.476
144.183,-15.479
144.169,-15.481
143.066,-15.64
142.722,-15.688
142.69,-15.692
142.674,-15.695
142.659,-15.697
142.547,-15.712
142.45,-15.726
142.433,-15.728
142.417,-15.73
142.137,-15.769
142.07,-15.778
142.053,-15.78
141.796,-15.815
141.779,-15.817
144.376,-15.437
144.232,-15.459
144.217,-15.461
144.203,-15.463
144.188,-15.465
142.713,-15.681
142.634,-15.692
142.506,-15.711
142.457,-15.717
142.441,-15.72
142.425,-15.722
142.409,-15.724
142.392,-15.727
142.044,-15.776
141.977,-15.785
141.943,-15.79
141.805,-15.809
141.788,-15.812
144.648,-15.383
144.23,-15.446
143.718,-15.521
142.616,-15.68
142.6,-15.683
142.52,-15.694
142.504,-15.696
142.439,-15.706
142.423,-15.708
142.406,-15.71
142.39,-15.713
142.059,-15.759
142.025,-15.764
141.992,-15.769
141.941,-15.776
141.838,-15.79
141.821,-15.792
141.803,-15.795
141.786,-15.797
141.734,-15.804
144.632,-15.372
144.257,-15.428
143.006,-15.611
142.63,-15.664
142.598,-15.669
142.582,-15.671
142.534,-15.678
142.518,-15.68
142.501,-15.682
142.453,-15.689
142.437,-15.692
142.421,-15.694
142.372,-15.701
142.174,-15.728
142.157,-15.731
142.141,-15.733
141.767,-15.785
141.749,-15.787
144.701,-15.348
144.644,-15.356
144.629,-15.359
144.356,-15.4
144.312,-15.406
144.298,-15.408
144.24,-15.417
144.226,-15.419
144.211,-15.421
144.197,-15.423
143.52,-15.522
142.628,-15.65
142.58,-15.657
142.564,-15.659
142.483,-15.671
142.467,-15.673
142.451,-15.675
142.435,-15.677
142.155,-15.716
142.139,-15.719
142.122,-15.721
141.834,-15.761
141.816,-15.763
144.685,-15.337
144.627,-15.345
144.613,-15.347
144.296,-15.395
144.281,-15.397
143.697,-15.483
142.721,-15.623
142.689,-15.627
142.673,-15.63
142.641,-15.634
142.594,-15.641
142.578,-15.643
142.562,-15.645
142.449,-15.661
142.433,-15.663
142.22,-15.693
142.203,-15.695
142.187,-15.698
142.17,-15.7
142.153,-15.702
141.866,-15.742
141.728,-15.761
144.294,-15.381
144.279,-15.384
144.207,-15.394
143.516,-15.495
143.486,-15.5
143.381,-15.515
142.639,-15.62
142.607,-15.625
142.543,-15.633
142.365,-15.658
142.349,-15.661
142.218,-15.679
142.168,-15.686
142.151,-15.688
142.135,-15.69
141.983,-15.711
141.932,-15.718
141.915,-15.72
141.847,-15.73
141.812,-15.734
141.725,-15.746
141.708,-15.749
143.499,-15.484
142.637,-15.606
142.605,-15.611
142.347,-15.646
142.216,-15.665
142.166,-15.671
142.149,-15.674
142.132,-15.676
142.116,-15.678
141.896,-15.708
141.723,-15.732
141.706,-15.734
144.678,-15.297
144.664,-15.299
143.497,-15.47
143.377,-15.487
143.362,-15.49
142.934,-15.55
142.635,-15.592
142.619,-15.594
142.587,-15.599
142.571,-15.601
142.539,-15.605
142.507,-15.61
142.491,-15.612
142.329,-15.635
142.23,-15.648
142.164,-15.657
142.114,-15.664
141.877,-15.696
141.721,-15.717
141.704,-15.719
144.698,-15.281
144.684,-15.283
144.669,-15.286
144.64,-15.29
144.482,-15.314
144.208,-15.355
144.063,-15.376
144.005,-15.385
143.503,-15.459
143.473,-15.463
142.941,-15.54
142.579,-15.592
142.386,-15.62
142.37,-15.622
142.222,-15.643
142.122,-15.657
141.903,-15.688
141.714,-15.715
141.696,-15.717
141.679,-15.72
144.681,-15.27
144.667,-15.272
144.032,-15.367
144.002,-15.372
143.988,-15.374
143.944,-15.38
142.657,-15.567
142.593,-15.576
142.561,-15.581
142.545,-15.583
142.497,-15.59
142.236,-15.627
142.203,-15.631
142.104,-15.645
141.901,-15.674
141.764,-15.693
141.729,-15.698
141.712,-15.7
141.694,-15.703
141.677,-15.705
144.564,-15.274
144.015,-15.356
143.986,-15.36
143.971,-15.362
143.869,-15.378
143.499,-15.432
143.424,-15.443
142.983,-15.506
142.718,-15.544
142.655,-15.553
142.591,-15.562
142.575,-15.564
142.365,-15.594
142.201,-15.617
142.185,-15.619
142.152,-15.624
142.102,-15.631
141.899,-15.659
141.709,-15.686
141.675,-15.69
141.657,-15.693
144.346,-15.293
144.274,-15.304
143.998,-15.345
143.779,-15.377
143.15,-15.468
142.95,-15.497
142.935,-15.499
142.841,-15.512
142.428,-15.571
142.396,-15.575
142.199,-15.603
142.183,-15.605
142.166,-15.608
142.149,-15.61
141.931,-15.64
141.897,-15.645
141.725,-15.669
141.707,-15.671
141.69,-15.673
141.672,-15.676
141.655,-15.678
144.156,-15.308
143.967,-15.336
143.703,-15.374
143.658,-15.381
143.087,-15.463
142.963,-15.481
142.948,-15.483
142.932,-15.485
142.714,-15.516
142.682,-15.521
142.666,-15.523
142.65,-15.525
142.634,-15.527
142.619,-15.53
142.507,-15.545
142.491,-15.548
142.475,-15.55
142.458,-15.552
142.361,-15.566
142.214,-15.586
142.197,-15.589
142.147,-15.596
141.861,-15.635
141.757,-15.649
141.74,-15.652
141.723,-15.654
141.705,-15.656
141.688,-15.659
141.67,-15.661
144.429,-15.253
143.686,-15.363
143.523,-15.387
142.915,-15.474
142.68,-15.507
142.664,-15.509
142.648,-15.511
142.617,-15.516
142.392,-15.547
142.375,-15.549
142.228,-15.57
142.212,-15.572
142.162,-15.579
142.145,-15.581
142.095,-15.588
141.859,-15.621
141.738,-15.637
141.721,-15.64
141.703,-15.642
141.686,-15.644
141.668,-15.647
141.651,-15.649
141.633,-15.651
143.934,-15.313
143.772,-15.337
143.684,-15.349
143.535,-15.371
143.265,-15.41
143.22,-15.416
143.128,-15.429
143.006,-15.447
142.63,-15.5
142.373,-15.535
142.357,-15.538
142.341,-15.54
142.226,-15.556
142.209,-15.558
141.925,-15.597
141.856,-15.606
141.736,-15.623
141.718,-15.625
141.701,-15.627
141.684,-15.63
141.666,-15.632
141.649,-15.634
141.631,-15.637
141.596,-15.641
144.669,-15.19
143.77,-15.323
143.755,-15.325
143.741,-15.327
143.459,-15.368
143.172,-15.409
142.895,-15.448
142.802,-15.461
142.707,-15.475
142.692,-15.477
142.371,-15.521
142.355,-15.523
142.224,-15.541
142.207,-15.544
142.191,-15.546
141.716,-15.61
141.699,-15.613
141.681,-15.615
141.646,-15.62
141.629,-15.622
141.611,-15.624
144.544,-15.196
143.937,-15.287
143.554,-15.343
143.224,-15.391
142.793,-15.454
142.761,-15.458
142.698,-15.467
142.379,-15.513
142.314,-15.522
142.297,-15.525
142.215,-15.536
142.182,-15.541
142.116,-15.55
141.708,-15.608
141.691,-15.61
141.656,-15.615
141.638,-15.617
141.621,-15.62
141.603,-15.622
143.788,-15.295
143.744,-15.301
143.596,-15.323
143.462,-15.343
143.417,-15.349
142.853,-15.431
142.791,-15.44
142.728,-15.449
142.506,-15.481
142.36,-15.501
142.064,-15.543
141.98,-15.555
141.929,-15.562
141.706,-15.593
141.689,-15.595
141.671,-15.598
141.654,-15.6
141.636,-15.603
141.619,-15.605
141.601,-15.608
143.786,-15.282
143.771,-15.284
143.757,-15.286
143.742,-15.288
143.505,-15.323
143.49,-15.325
143.475,-15.327
143.25,-15.36
142.867,-15.415
142.851,-15.417
142.835,-15.419
142.82,-15.422
142.804,-15.424
142.679,-15.442
142.663,-15.444
142.615,-15.451
142.599,-15.453
142.358,-15.487
142.342,-15.489
142.112,-15.522
141.944,-15.545
141.927,-15.548
141.704,-15.578
141.687,-15.581
141.669,-15.583
141.652,-15.586
141.634,-15.588
141.617,-15.591
141.599,-15.593
141.581,-15.595
141.564,-15.598
141.546,-15.6
141.457,-15.612
143.96,-15.242
143.945,-15.244
143.769,-15.27
143.755,-15.272
143.503,-15.309
143.428,-15.32
142.833,-15.405
142.802,-15.41
142.739,-15.419
142.724,-15.421
142.708,-15.423
142.692,-15.426
142.676,-15.428
142.661,-15.43
142.549,-15.446
142.421,-15.464
142.193,-15.496
142.126,-15.505
142.093,-15.51
142.076,-15.512
141.993,-15.524
141.976,-15.526
141.959,-15.528
141.942,-15.531
141.925,-15.533
141.908,-15.535
141.702,-15.564
141.684,-15.566
141.667,-15.569
141.65,-15.571
141.632,-15.574
141.615,-15.576
141.579,-15.581
141.562,-15.583
141.544,-15.586
141.526,-15.588
141.509,-15.59
141.455,-15.598
143.928,-15.233
143.826,-15.248
143.59,-15.283
143.078,-15.356
143.048,-15.361
142.986,-15.37
142.955,-15.374
142.769,-15.401
142.753,-15.403
142.737,-15.405
142.674,-15.414
142.595,-15.425
142.451,-15.445
142.435,-15.448
142.174,-15.484
142.157,-15.486
142.141,-15.489
142.091,-15.495
142.074,-15.498
142.058,-15.5
142.041,-15.502
141.974,-15.512
141.957,-15.514
141.94,-15.516
141.923,-15.519
141.821,-15.533
141.7,-15.549
141.682,-15.552
141.665,-15.554
141.647,-15.557
141.63,-15.559
141.612,-15.561
141.595,-15.564
141.577,-15.566
141.56,-15.568
141.542,-15.571
141.524,-15.573
143.912,-15.222
143.809,-15.237
143.78,-15.241
143.765,-15.243
143.75,-15.245
143.736,-15.248
143.543,-15.276
143.122,-15.336
142.938,-15.362
142.798,-15.382
142.767,-15.387
142.72,-15.393
142.704,-15.395
142.593,-15.411
142.449,-15.431
142.352,-15.445
142.32,-15.449
142.139,-15.474
142.072,-15.484
142.039,-15.488
141.971,-15.497
141.938,-15.502
141.921,-15.504
141.904,-15.507
141.87,-15.511
141.818,-15.518
141.801,-15.521
141.767,-15.525
141.715,-15.532
141.698,-15.535
141.663,-15.54
141.61,-15.547
141.593,-15.549
141.575,-15.551
141.558,-15.554
141.54,-15.556
141.522,-15.559
143.939,-15.204
143.748,-15.232
143.497,-15.268
143.362,-15.288
143.196,-15.312
143.12,-15.322
142.702,-15.382
142.686,-15.384
142.591,-15.397
142.559,-15.402
142.527,-15.406
142.511,-15.408
142.495,-15.41
142.463,-15.415
142.382,-15.426
142.317,-15.435
142.137,-15.46
142.12,-15.462
142.037,-15.474
141.919,-15.49
141.902,-15.492
141.885,-15.495
141.868,-15.497
141.851,-15.499
141.833,-15.502
141.816,-15.504
141.713,-15.518
141.695,-15.52
141.678,-15.523
141.661,-15.525
141.643,-15.527
141.608,-15.532
141.591,-15.534
141.573,-15.537
141.555,-15.539
141.538,-15.542
143.746,-15.218
143.554,-15.246
143.539,-15.248
143.405,-15.268
142.934,-15.335
142.903,-15.339
142.762,-15.359
142.747,-15.361
142.715,-15.365
142.7,-15.368
142.38,-15.412
142.348,-15.417
142.315,-15.421
142.25,-15.43
142.151,-15.444
142.118,-15.448
141.78,-15.494
141.763,-15.496
141.745,-15.499
141.728,-15.501
141.711,-15.503
141.693,-15.506
141.676,-15.508
141.659,-15.51
141.641,-15.513
141.589,-15.52
141.571,-15.522
141.553,-15.524
141.536,-15.527
143.795,-15.2
143.781,-15.202
143.766,-15.204
143.485,-15.246
143.425,-15.254
143.381,-15.261
143.336,-15.267
143.305,-15.272
143.139,-15.296
142.986,-15.318
142.924,-15.327
142.909,-15.329
142.894,-15.332
142.738,-15.354
142.722,-15.356
142.675,-15.363
142.659,-15.365
142.388,-15.404
142.258,-15.423
142.159,-15.437
142.109,-15.444
142.093,-15.446
142.059,-15.451
141.857,-15.479
141.789,-15.489
141.771,-15.491
141.754,-15.494
141.737,-15.496
141.72,-15.499
141.685,-15.503
141.668,-15.506
141.65,-15.508
141.633,-15.511
141.615,-15.513
141.58,-15.518
141.563,-15.52
141.545,-15.523
144.431,-15.092
143.793,-15.186
143.764,-15.191
143.378,-15.247
143.363,-15.249
143.183,-15.276
143.137,-15.282
142.984,-15.304
142.938,-15.311
142.922,-15.313
142.736,-15.34
142.578,-15.363
142.386,-15.39
142.305,-15.402
142.256,-15.409
142.074,-15.434
141.973,-15.448
141.923,-15.455
141.906,-15.458
141.821,-15.47
141.804,-15.472
141.787,-15.474
141.769,-15.477
141.752,-15.479
141.735,-15.482
141.718,-15.484
141.7,-15.486
141.666,-15.491
141.648,-15.494
141.613,-15.499
141.578,-15.503
141.561,-15.506
141.543,-15.508
144.17,-15.117
143.835,-15.167
143.391,-15.231
142.997,-15.288
142.982,-15.291
142.92,-15.3
142.889,-15.304
142.827,-15.313
142.27,-15.392
142.253,-15.394
141.971,-15.434
141.921,-15.441
141.904,-15.443
141.819,-15.455
141.802,-15.458
141.784,-15.46
141.767,-15.462
141.75,-15.465
141.733,-15.467
141.698,-15.472
141.681,-15.474
141.663,-15.477
141.646,-15.479
141.629,-15.482
141.576,-15.489
141.558,-15.491
141.541,-15.494
141.523,-15.496
143.95,-15.136
143.833,-15.153
143.479,-15.205
143.464,-15.207
143.087,-15.262
142.995,-15.275
142.856,-15.295
142.778,-15.306
142.716,-15.315
142.478,-15.348
142.462,-15.351
142.446,-15.353
142.43,-15.355
142.414,-15.357
142.349,-15.366
142.317,-15.371
142.3,-15.373
142.268,-15.378
142.036,-15.41
142.02,-15.413
142.003,-15.415
141.799,-15.443
141.782,-15.445
141.765,-15.448
141.731,-15.453
141.696,-15.457
141.679,-15.46
141.661,-15.462
141.644,-15.465
141.609,-15.469
141.592,-15.472
141.556,-15.477
141.539,-15.479
141.521,-15.481
144.238,-15.08
144.006,-15.114
143.802,-15.144
143.787,-15.146
143.64,-15.168
143.625,-15.17
143.342,-15.211
143.039,-15.254
142.932,-15.27
142.808,-15.287
142.792,-15.29
142.682,-15.305
142.667,-15.307
142.635,-15.312
142.508,-15.33
142.492,-15.332
142.476,-15.334
142.46,-15.337
142.363,-15.35
142.134,-15.382
141.95,-15.408
141.933,-15.41
141.746,-15.436
141.729,-15.438
141.711,-15.44
141.694,-15.443
141.677,-15.445
141.659,-15.448
141.642,-15.45
141.607,-15.455
141.554,-15.462
141.537,-15.464
144.495,-15.027
144.048,-15.094
143.756,-15.137
143.712,-15.143
143.43,-15.184
143.205,-15.217
143.174,-15.221
143.113,-15.23
142.868,-15.265
142.852,-15.267
142.712,-15.287
142.68,-15.291
142.664,-15.293
142.601,-15.302
142.585,-15.305
142.474,-15.32
142.458,-15.323
142.442,-15.325
142.377,-15.334
142.28,-15.347
142.264,-15.35
142.247,-15.352
142.165,-15.363
141.999,-15.386
141.982,-15.389
141.914,-15.398
141.898,-15.4
141.881,-15.402
141.761,-15.419
141.744,-15.421
141.709,-15.426
141.692,-15.428
141.675,-15.431
141.657,-15.433
141.64,-15.435
141.622,-15.438
141.605,-15.44
141.587,-15.442
141.57,-15.445
144.435,-15.023
143.739,-15.126
143.547,-15.153
143.488,-15.162
143.443,-15.169
143.428,-15.171
143.308,-15.188
143.172,-15.207
142.866,-15.251
142.85,-15.253
142.741,-15.269
142.678,-15.277
142.662,-15.28
142.359,-15.322
142.294,-15.331
142.245,-15.338
142.229,-15.34
142.179,-15.347
142.163,-15.349
142.146,-15.351
142.03,-15.367
142.013,-15.37
141.997,-15.372
141.929,-15.381
141.776,-15.402
141.759,-15.404
141.742,-15.407
141.724,-15.409
141.707,-15.411
141.69,-15.414
141.672,-15.416
141.655,-15.418
141.638,-15.421
141.62,-15.423
141.603,-15.425
141.585,-15.428
141.568,-15.43
143.471,-15.151
143.291,-15.176
143.215,-15.187
142.676,-15.263
142.66,-15.266
142.47,-15.292
142.325,-15.312
142.308,-15.315
142.292,-15.317
142.276,-15.319
142.259,-15.321
142.161,-15.335
142.045,-15.351
142.011,-15.355
141.995,-15.358
141.961,-15.362
141.91,-15.369
141.893,-15.371
141.757,-15.39
141.74,-15.392
141.722,-15.394
141.705,-15.397
141.653,-15.404
141.635,-15.406
141.618,-15.409
141.601,-15.411
144.265,-15.022
143.801,-15.091
143.476,-15.139
143.417,-15.147
143.206,-15.178
142.947,-15.216
142.855,-15.229
142.683,-15.254
142.667,-15.256
142.651,-15.258
142.541,-15.274
142.509,-15.279
142.316,-15.306
142.3,-15.309
142.283,-15.311
142.267,-15.313
142.251,-15.316
142.169,-15.327
142.152,-15.33
142.003,-15.351
141.969,-15.356
141.936,-15.36
141.902,-15.365
141.885,-15.367
141.748,-15.387
141.731,-15.389
141.714,-15.391
141.697,-15.394
141.679,-15.396
141.662,-15.399
141.645,-15.401
141.627,-15.404
141.61,-15.406
141.575,-15.411
144.464,-14.978
144.436,-14.983
143.857,-15.069
143.548,-15.114
143.444,-15.13
142.96,-15.2
142.945,-15.202
142.744,-15.231
142.681,-15.24
142.281,-15.297
142.249,-15.302
142.232,-15.304
142.216,-15.306
142.183,-15.311
142.167,-15.313
142.134,-15.318
142.117,-15.32
142.101,-15.322
142.034,-15.332
141.917,-15.348
141.9,-15.351
141.746,-15.372
141.729,-15.375
141.712,-15.377
141.695,-15.379
141.677,-15.382
141.66,-15.384
141.643,-15.387
141.625,-15.389
141.608,-15.391
141.538,-15.401
143.738,-15.073
143.664,-15.083
143.427,-15.118
142.974,-15.184
142.958,-15.186
142.741,-15.217
142.694,-15.224
142.679,-15.226
142.616,-15.235
142.312,-15.278
142.295,-15.28
142.279,-15.283
142.263,-15.285
142.247,-15.287
142.214,-15.292
142.148,-15.301
141.965,-15.327
141.948,-15.329
141.915,-15.334
141.898,-15.336
141.881,-15.339
141.761,-15.355
141.744,-15.358
141.727,-15.36
141.71,-15.362
141.675,-15.367
141.641,-15.372
141.623,-15.374
141.553,-15.384
143.677,-15.068
143.603,-15.079
143.589,-15.081
143.574,-15.083
143.529,-15.089
143.44,-15.102
143.425,-15.105
143.395,-15.109
143.185,-15.139
143.033,-15.161
143.018,-15.163
142.972,-15.17
142.956,-15.172
142.724,-15.205
142.614,-15.221
142.439,-15.246
142.374,-15.255
142.31,-15.264
142.293,-15.266
142.113,-15.292
142.03,-15.303
142.013,-15.306
141.963,-15.313
141.946,-15.315
141.913,-15.32
141.777,-15.338
141.759,-15.341
141.742,-15.343
141.725,-15.346
141.69,-15.35
141.673,-15.353
141.656,-15.355
141.638,-15.357
141.621,-15.36
141.569,-15.367
141.551,-15.369
143.967,-15.011
143.69,-15.052
143.645,-15.059
143.572,-15.069
143.527,-15.076
143.198,-15.124
143.077,-15.141
143.061,-15.143
143.046,-15.145
142.846,-15.174
142.8,-15.181
142.722,-15.192
142.706,-15.194
142.404,-15.236
142.308,-15.25
142.275,-15.254
142.16,-15.27
142.111,-15.277
141.927,-15.303
141.91,-15.305
141.894,-15.307
141.774,-15.324
141.757,-15.326
141.74,-15.329
141.723,-15.331
141.706,-15.333
141.688,-15.336
141.671,-15.338
141.654,-15.34
141.567,-15.352
144.081,-14.981
143.256,-15.101
143.075,-15.127
143.059,-15.129
143.044,-15.132
142.86,-15.158
142.844,-15.16
142.829,-15.162
142.354,-15.229
142.305,-15.236
142.208,-15.249
142.076,-15.268
141.992,-15.279
141.925,-15.288
141.891,-15.293
141.807,-15.305
141.789,-15.307
141.755,-15.312
141.738,-15.314
141.721,-15.316
141.704,-15.319
141.686,-15.321
143.992,-14.98
143.685,-15.025
143.508,-15.051
143.057,-15.116
143.042,-15.118
143.011,-15.122
142.749,-15.159
142.702,-15.166
142.686,-15.168
142.206,-15.235
142.173,-15.24
142.14,-15.244
142.074,-15.253
142.04,-15.258
141.99,-15.265
141.77,-15.295
141.753,-15.297
141.736,-15.3
141.719,-15.302
141.701,-15.304
141.667,-15.309
141.65,-15.311
141.632,-15.314
144.509,-14.89
143.99,-14.967
143.888,-14.982
143.683,-15.012
143.536,-15.033
143.417,-15.05
143.387,-15.055
143.252,-15.074
142.917,-15.122
142.886,-15.126
142.871,-15.128
142.762,-15.143
142.653,-15.159
142.187,-15.223
142.121,-15.232
142.088,-15.237
142.072,-15.239
142.055,-15.241
141.768,-15.281
141.751,-15.283
141.734,-15.285
141.717,-15.287
141.699,-15.29
141.682,-15.292
141.665,-15.294
141.647,-15.297
143.894,-14.969
143.497,-15.028
143.348,-15.05
143.273,-15.061
142.878,-15.118
142.707,-15.143
142.629,-15.154
142.565,-15.163
142.534,-15.168
142.293,-15.202
142.244,-15.209
142.212,-15.214
142.195,-15.216
142.179,-15.218
142.163,-15.221
142.08,-15.232
142.064,-15.235
142.047,-15.237
141.98,-15.246
141.947,-15.251
141.778,-15.275
141.76,-15.278
141.743,-15.28
141.726,-15.282
141.709,-15.285
141.692,-15.287
141.657,-15.292
141.64,-15.294
144.023,-14.937
143.79,-14.971
143.658,-14.99
143.599,-14.999
143.54,-15.008
143.331,-15.038
143.166,-15.062
143.06,-15.078
143.044,-15.08
142.767,-15.12
142.752,-15.122
142.736,-15.124
142.611,-15.142
142.595,-15.145
142.579,-15.147
142.291,-15.188
142.275,-15.19
142.242,-15.195
142.226,-15.197
142.177,-15.204
142.095,-15.216
142.078,-15.218
142.062,-15.22
142.045,-15.223
142.028,-15.225
142.012,-15.227
141.995,-15.23
141.961,-15.235
141.775,-15.261
141.758,-15.263
141.741,-15.265
141.724,-15.268
141.707,-15.27
141.69,-15.273
141.672,-15.275
141.655,-15.277
141.638,-15.28
143.744,-14.964
143.67,-14.975
143.359,-15.02
142.781,-15.104
142.765,-15.106
142.624,-15.126
142.609,-15.128
142.593,-15.131
142.224,-15.183
142.208,-15.185
142.191,-15.188
142.126,-15.197
142.109,-15.199
142.093,-15.202
142.076,-15.204
142.059,-15.206
142.043,-15.209
142.026,-15.211
141.993,-15.216
141.976,-15.218
141.959,-15.22
141.943,-15.223
141.909,-15.227
141.756,-15.249
141.722,-15.253
141.67,-15.261
141.653,-15.263
141.636,-15.265
141.618,-15.268
143.771,-14.946
143.756,-14.948
143.742,-14.951
142.794,-15.088
142.779,-15.09
142.732,-15.097
142.716,-15.099
142.685,-15.103
142.669,-15.106
142.622,-15.112
142.238,-15.167
142.222,-15.169
142.206,-15.171
142.189,-15.173
142.173,-15.176
142.107,-15.185
142.09,-15.187
142.074,-15.19
142.057,-15.192
142.041,-15.194
141.974,-15.204
141.957,-15.206
141.941,-15.208
141.907,-15.213
141.788,-15.229
141.72,-15.239
141.651,-15.248
141.634,-15.251
141.616,-15.253
143.827,-14.924
143.74,-14.937
143.235,-15.011
142.73,-15.083
142.683,-15.09
142.667,-15.092
142.652,-15.094
142.62,-15.098
142.605,-15.101
142.236,-15.152
142.22,-15.155
142.187,-15.159
142.171,-15.162
142.154,-15.164
142.138,-15.166
142.121,-15.168
142.105,-15.171
142.088,-15.173
142.072,-15.175
142.055,-15.178
142.039,-15.18
142.022,-15.182
142.005,-15.185
141.989,-15.187
141.922,-15.196
141.905,-15.199
141.786,-15.215
141.701,-15.227
141.683,-15.229
141.631,-15.236
141.614,-15.239
144.504,-14.81
143.825,-14.911
143.752,-14.922
143.233,-14.997
143.021,-15.027
143.006,-15.03
142.775,-15.062
142.759,-15.065
142.743,-15.067
142.634,-15.082
142.331,-15.125
142.169,-15.147
142.152,-15.15
142.136,-15.152
142.07,-15.161
142.053,-15.163
142.037,-15.166
142.02,-15.168
142.003,-15.17
141.987,-15.173
141.97,-15.175
141.953,-15.177
141.936,-15.18
141.903,-15.184
141.886,-15.187
141.869,-15.189
141.818,-15.196
141.784,-15.2
141.75,-15.205
141.716,-15.21
141.698,-15.212
143.231,-14.983
143.216,-14.985
143.004,-15.016
142.788,-15.046
142.773,-15.049
142.695,-15.06
142.648,-15.066
142.585,-15.075
142.489,-15.088
142.216,-15.126
142.199,-15.129
142.183,-15.131
142.101,-15.142
142.084,-15.145
142.068,-15.147
142.051,-15.149
142.034,-15.151
142.001,-15.156
141.85,-15.177
141.833,-15.179
141.816,-15.181
141.799,-15.184
141.782,-15.186
141.748,-15.191
141.714,-15.195
141.696,-15.198
144.514,-14.781
143.244,-14.968
143.229,-14.97
143.184,-14.976
143.108,-14.987
143.047,-14.996
143.017,-15.0
142.692,-15.046
142.645,-15.052
142.63,-15.054
142.582,-15.061
142.567,-15.063
142.213,-15.112
142.197,-15.115
142.181,-15.117
142.164,-15.119
142.099,-15.128
142.082,-15.13
142.066,-15.133
142.049,-15.135
142.032,-15.137
142.016,-15.139
141.831,-15.165
141.814,-15.167
141.797,-15.169
141.78,-15.172
141.763,-15.174
141.746,-15.176
141.729,-15.179
141.711,-15.181
141.694,-15.183
144.303,-14.8
143.114,-14.976
143.069,-14.982
143.053,-14.985
142.962,-14.998
142.73,-15.031
142.684,-15.038
142.637,-15.045
142.589,-15.052
142.574,-15.054
142.494,-15.065
142.27,-15.097
142.156,-15.114
142.107,-15.121
142.09,-15.123
142.074,-15.125
142.057,-15.128
142.04,-15.13
142.024,-15.132
142.007,-15.135
141.823,-15.161
141.806,-15.163
141.772,-15.168
141.755,-15.17
141.72,-15.175
141.703,-15.178
141.686,-15.18
144.531,-14.752
144.517,-14.754
144.502,-14.757
144.488,-14.759
143.142,-14.958
142.96,-14.984
142.65,-15.029
142.634,-15.031
142.619,-15.033
142.603,-15.035
142.508,-15.049
142.332,-15.074
142.268,-15.083
142.154,-15.099
142.137,-15.102
142.104,-15.106
142.088,-15.109
142.071,-15.111
142.055,-15.113
142.038,-15.116
141.82,-15.146
141.752,-15.156
141.735,-15.158
141.718,-15.161
141.701,-15.163
141.684,-15.166
144.514,-14.741
144.5,-14.743
144.486,-14.745
144.4,-14.758
143.734,-14.857
143.155,-14.942
143.049,-14.957
142.757,-14.999
142.679,-15.01
142.664,-15.013
142.648,-15.015
142.632,-15.017
142.585,-15.024
142.427,-15.046
142.135,-15.088
142.119,-15.09
142.102,-15.092
142.086,-15.095
142.053,-15.099
142.036,-15.101
142.02,-15.104
142.003,-15.106
141.986,-15.108
141.97,-15.111
141.767,-15.139
141.75,-15.141
141.733,-15.144
141.716,-15.146
141.699,-15.149
141.682,-15.151
142.63,-15.003
142.615,-15.005
142.44,-15.03
142.28,-15.053
142.067,-15.083
142.051,-15.085
142.001,-15.092
141.833,-15.115
141.782,-15.122
141.765,-15.125
141.748,-15.127
141.714,-15.132
141.697,-15.134
141.68,-15.137
144.482,-14.719
142.691,-14.98
142.628,-14.989
142.597,-14.994
142.422,-15.018
142.326,-15.032
142.31,-15.034
142.098,-15.064
142.082,-15.066
141.966,-15.082
141.848,-15.099
141.831,-15.101
141.763,-15.11
141.746,-15.113
141.712,-15.117
141.695,-15.12
141.678,-15.122
143.058,-14.914
143.043,-14.916
143.028,-14.918
142.875,-14.94
142.704,-14.964
142.689,-14.967
142.484,-14.995
142.34,-15.016
142.324,-15.018
142.308,-15.02
142.292,-15.022
142.276,-15.025
142.243,-15.029
141.947,-15.07
141.93,-15.073
141.863,-15.082
141.829,-15.086
141.761,-15.096
141.744,-15.098
141.71,-15.103
143.132,-14.889
142.995,-14.909
142.98,-14.911
142.949,-14.915
142.934,-14.918
142.687,-14.953
142.655,-14.957
142.64,-14.959
142.624,-14.961
142.608,-14.964
142.306,-15.006
142.29,-15.008
142.274,-15.01
142.061,-15.04
141.978,-15.051
141.961,-15.054
141.945,-15.056
141.928,-15.058
141.861,-15.067
141.776,-15.079
141.759,-15.081
141.742,-15.084
143.235,-14.861
142.932,-14.904
142.824,-14.919
142.747,-14.93
142.716,-14.934
142.685,-14.939
142.638,-14.945
142.464,-14.97
142.32,-14.99
142.304,-14.992
142.288,-14.994
142.271,-14.996
141.943,-15.042
141.926,-15.044
141.859,-15.053
141.842,-15.055
141.791,-15.062
141.74,-15.069
144.766,-14.623
142.938,-14.894
142.923,-14.896
142.815,-14.911
142.722,-14.925
142.644,-14.936
142.359,-14.977
142.343,-14.979
142.327,-14.982
142.311,-14.984
142.295,-14.986
142.263,-14.991
141.951,-15.035
141.934,-15.038
141.85,-15.049
141.833,-15.052
141.816,-15.054
141.799,-15.057
141.765,-15.061
141.748,-15.064
143.149,-14.849
143.058,-14.862
142.936,-14.88
142.921,-14.882
142.89,-14.887
142.875,-14.889
142.798,-14.9
142.751,-14.907
142.437,-14.952
142.389,-14.958
142.357,-14.963
142.341,-14.965
142.325,-14.968
142.309,-14.97
142.293,-14.972
142.277,-14.974
142.261,-14.977
142.244,-14.979
142.098,-15.0
142.032,-15.009
141.949,-15.021
141.932,-15.023
141.915,-15.026
141.865,-15.033
141.848,-15.035
141.831,-15.037
141.814,-15.04
141.78,-15.045
141.763,-15.047
143.177,-14.831
143.131,-14.838
143.041,-14.851
143.025,-14.853
142.934,-14.866
142.919,-14.868
142.687,-14.902
142.656,-14.906
142.64,-14.908
142.609,-14.913
142.451,-14.935
142.435,-14.938
142.387,-14.944
142.371,-14.947
142.355,-14.949
142.307,-14.956
142.291,-14.958
142.275,-14.96
142.259,-14.963
142.226,-14.967
142.013,-14.997
141.996,-15.0
141.98,-15.002
141.963,-15.004
141.829,-15.023
141.812,-15.025
141.795,-15.028
141.778,-15.03
141.761,-15.033
141.727,-15.037
141.693,-15.042
143.324,-14.796
143.205,-14.813
143.008,-14.841
142.947,-14.85
142.575,-14.903
142.465,-14.919
142.417,-14.926
142.385,-14.93
142.369,-14.933
142.305,-14.942
142.256,-14.949
142.224,-14.953
142.011,-14.983
141.994,-14.985
141.844,-15.006
141.827,-15.009
141.81,-15.011
141.793,-15.013
141.776,-15.016
141.759,-15.018
141.691,-15.028
141.674,-15.03
143.322,-14.782
142.93,-14.839
142.915,-14.841
142.822,-14.854
142.807,-14.856
142.791,-14.858
142.745,-14.865
142.73,-14.867
142.714,-14.87
142.698,-14.872
142.683,-14.874
142.636,-14.881
142.62,-14.883
142.605,-14.885
142.589,-14.887
142.573,-14.89
142.558,-14.892
142.399,-14.914
142.383,-14.916
141.808,-14.997
141.791,-14.999
141.774,-15.001
141.757,-15.004
141.723,-15.008
141.672,-15.015
143.2,-14.786
143.14,-14.795
142.989,-14.816
142.974,-14.818
142.943,-14.823
142.928,-14.825
142.851,-14.836
142.727,-14.853
142.712,-14.856
142.696,-14.858
142.681,-14.86
142.665,-14.862
142.65,-14.865
142.571,-14.876
142.555,-14.878
141.806,-14.982
141.789,-14.985
141.772,-14.987
141.755,-14.989
141.721,-14.994
143.168,-14.777
142.971,-14.805
142.941,-14.809
142.926,-14.811
142.756,-14.835
142.741,-14.837
142.725,-14.84
142.71,-14.842
142.694,-14.844
142.648,-14.851
142.632,-14.853
142.569,-14.862
142.474,-14.875
142.459,-14.877
142.395,-14.886
141.821,-14.966
141.804,-14.968
141.787,-14.97
141.77,-14.972
141.753,-14.975
141.736,-14.977
141.702,-14.982
144.063,-14.632
143.166,-14.763
142.939,-14.795
142.847,-14.808
142.723,-14.826
142.708,-14.828
142.692,-14.83
142.677,-14.832
142.661,-14.835
142.456,-14.863
142.441,-14.865
142.425,-14.868
142.409,-14.87
141.852,-14.947
141.835,-14.949
141.819,-14.951
141.802,-14.953
141.785,-14.956
141.768,-14.958
141.751,-14.96
141.734,-14.963
141.717,-14.965
141.7,-14.967
141.683,-14.97
141.665,-14.972
141.648,-14.974
144.097,-14.615
144.068,-14.619
143.187,-14.749
142.699,-14.82
142.683,-14.822
142.668,-14.825
142.574,-14.838
142.448,-14.856
142.4,-14.863
141.978,-14.923
141.844,-14.942
141.827,-14.945
141.81,-14.947
141.793,-14.95
141.776,-14.952
141.76,-14.954
141.743,-14.957
141.726,-14.959
141.708,-14.962
141.691,-14.964
141.674,-14.966
141.657,-14.969
144.095,-14.602
144.08,-14.604
144.066,-14.606
142.728,-14.802
142.572,-14.824
142.54,-14.829
142.446,-14.842
142.398,-14.849
142.009,-14.905
141.842,-14.928
141.808,-14.933
141.791,-14.935
141.774,-14.938
141.757,-14.94
141.74,-14.942
141.723,-14.945
141.706,-14.947
141.689,-14.949
141.655,-14.954
141.638,-14.957
144.092,-14.588
144.078,-14.59
144.064,-14.593
142.648,-14.799
142.507,-14.819
142.428,-14.831
141.806,-14.918
141.789,-14.921
141.772,-14.923
141.755,-14.925
141.738,-14.928
141.721,-14.93
141.687,-14.935
141.636,-14.942
142.662,-14.783
142.646,-14.785
141.804,-14.904
141.787,-14.906
141.77,-14.909
141.753,-14.911
141.736,-14.913
141.719,-14.916
141.702,-14.918
141.685,-14.921
141.634,-14.928
142.722,-14.76
142.628,-14.774
142.613,-14.776
142.597,-14.778
141.836,-14.885
141.768,-14.894
141.751,-14.897
141.734,-14.899
141.717,-14.901
141.7,-14.904
141.683,-14.906
141.666,-14.908
141.649,-14.911
142.843,-14.729
142.735,-14.744
142.72,-14.747
142.485,-14.78
141.766,-14.88
141.749,-14.882
141.732,-14.885
141.715,-14.887
141.698,-14.889
141.664,-14.894
141.647,-14.896
142.948,-14.7
142.933,-14.702
142.671,-14.739
142.483,-14.766
141.882,-14.849
141.764,-14.865
141.747,-14.868
141.73,-14.87
141.713,-14.872
141.696,-14.875
141.645,-14.882
141.627,-14.884
141.61,-14.886
134.184,-15.767
142.622,-14.732
142.257,-14.783
142.046,-14.812
142.029,-14.815
142.013,-14.817
141.996,-14.819
141.796,-14.846
141.779,-14.849
141.711,-14.858
142.952,-14.676
142.675,-14.716
142.232,-14.78
142.151,-14.791
141.987,-14.815
141.821,-14.838
141.804,-14.841
141.787,-14.843
144.171,-14.482
144.157,-14.485
142.935,-14.664
142.735,-14.693
142.166,-14.775
142.002,-14.798
141.886,-14.814
141.819,-14.824
141.802,-14.826
144.183,-14.467
144.155,-14.471
142.948,-14.649
142.933,-14.651
142.749,-14.677
142.147,-14.763
142.131,-14.765
142.115,-14.768
141.833,-14.807
141.817,-14.809
141.766,-14.817
141.749,-14.819
134.175,-15.758
144.196,-14.451
144.167,-14.456
144.152,-14.458
142.591,-14.686
141.898,-14.783
141.882,-14.786
141.831,-14.793
141.798,-14.797
141.781,-14.8
141.764,-14.802
141.747,-14.805
144.208,-14.436
144.179,-14.44
144.165,-14.442
142.159,-14.732
141.896,-14.769
141.879,-14.771
141.796,-14.783
141.762,-14.788
141.745,-14.79
141.728,-14.792
144.234,-14.418
144.191,-14.425
144.163,-14.429
142.789,-14.629
142.026,-14.736
141.894,-14.755
141.777,-14.771
141.76,-14.773
141.743,-14.776
132.007,-15.899
131.982,-15.901
144.189,-14.411
144.175,-14.414
144.132,-14.42
142.955,-14.591
142.522,-14.653
142.139,-14.706
141.758,-14.759
132.004,-15.872
131.98,-15.874
144.202,-14.396
144.187,-14.398
144.158,-14.402
142.723,-14.61
142.661,-14.619
142.25,-14.677
142.185,-14.686
142.022,-14.708
144.193,-14.385
144.178,-14.387
142.714,-14.602
142.668,-14.609
142.543,-14.627
142.194,-14.677
142.129,-14.686
141.899,-14.719
141.782,-14.736
144.205,-14.369
144.19,-14.371
144.176,-14.373
143.656,-14.451
142.192,-14.663
142.175,-14.665
142.159,-14.668
142.078,-14.679
142.012,-14.689
141.796,-14.719
141.78,-14.721
141.763,-14.724
132.002,-15.904
131.978,-15.906
144.203,-14.356
144.188,-14.358
142.157,-14.654
142.141,-14.656
135.598,-15.495
132.0,-15.877
131.975,-15.879
144.215,-14.34
144.201,-14.342
142.139,-14.642
141.826,-14.686
141.792,-14.69
135.595,-15.473
144.27,-14.318
144.213,-14.327
142.629,-14.558
142.072,-14.637
141.957,-14.653
141.79,-14.676
132.906,-15.734
132.884,-15.736
142.07,-14.623
132.861,-15.713
132.839,-15.715
142.84,-14.5
142.733,-14.515
133.715,-15.604
142.746,-14.499
141.631,-14.654
142.888,-14.455
141.79,-14.612
141.621,-14.636
132.852,-15.713
132.831,-15.715
143.112,-14.409
141.619,-14.622
141.617,-14.607
133.648,-15.579
133.61,-15.583
141.898,-14.539
142.38,-14.443
141.911,-14.508
142.481,-14.42
142.355,-14.438
142.557,-14.395
141.628,-14.498
132.977,-15.543
143.204,-14.26
141.643,-14.481
133.702,-15.444
141.556,-14.478
142.358,-14.352
133.696,-15.395
143.198,-14.219
141.586,-14.445
141.577,-14.442
142.886,-14.24
142.841,-14.246
141.575,-14.427
141.573,-14.413
133.706,-15.387
133.688,-15.389
141.706,-14.38
141.588,-14.396
141.554,-14.401
142.804,-14.21
141.603,-14.379
141.586,-14.382
141.569,-14.384
141.552,-14.386
142.923,-14.179
141.7,-14.336
141.698,-14.322
141.681,-14.324
141.664,-14.327
141.647,-14.329
141.597,-14.336
142.79,-14.16
141.724,-14.313
141.673,-14.32
141.657,-14.323
141.64,-14.325
142.863,-14.135
141.705,-14.301
141.671,-14.306
141.621,-14.313
141.604,-14.315
141.686,-14.289
141.619,-14.299
141.602,-14.301
142.676,-14.134
141.734,-14.268
141.617,-14.284
141.6,-14.286
141.614,-14.27
141.713,-14.241
141.646,-14.251
142.959,-14.051
141.661,-14.234
141.644,-14.236
141.627,-14.239
141.792,-14.201
141.743,-14.208
141.659,-14.22
141.642,-14.222
141.784,-14.197
141.767,-14.199
141.717,-14.206
141.667,-14.214
141.65,-14.216
142.945,-14.015
141.732,-14.19
141.715,-14.192
141.698,-14.194
141.665,-14.199
141.648,-14.202
142.928,-14.004
142.609,-14.05
141.713,-14.178
141.696,-14.18
141.68,-14.183
141.663,-14.185
141.646,-14.187
141.612,-14.192
141.728,-14.161
141.711,-14.163
141.694,-14.166
141.678,-14.168
141.644,-14.173
142.651,-14.016
141.709,-14.149
141.692,-14.151
141.675,-14.154
141.659,-14.156
141.724,-14.132
141.707,-14.135
141.69,-14.137
141.673,-14.139
141.657,-14.142
141.688,-14.123
141.671,-14.125
141.655,-14.127
141.703,-14.106
141.686,-14.108
141.669,-14.111
141.652,-14.113
141.636,-14.115
141.602,-14.12
